{
  "mControlDataList": [
    {
      "bgColor": 1291845632,
      "cornerRadius": 0.0,
      "displayInGame": true,
      "displayInMenu": true,
      "dynamicX": "${margin} + (px(80.0) / 100.0 * ${preferred_scale}) + ${margin}",
      "dynamicY": "${margin} + (px(30.0) /100.0 * ${preferred_scale}) + ${margin}",
      "height": 30.0,
      "isDynamicBtn": false,
      "isHideable": true,
      "isSwipeable": false,
      "isToggle": false,
      "keycodes": [
        -1,
        0,
        0,
        0
      ],
      "name": "Keyboard",
      "opacity": 0.25,
      "passThruEnabled": false,
      "strokeColor": -1,
      "strokeWidth": 0.0,
      "width": 40.0
    },
    {
      "bgColor": 889178312,
      "cornerRadius": 0.0,
      "displayInGame": true,
      "displayInMenu": true,
      "dynamicX": "0.22170353 * ${screen_width} + (px(50.0) / 100.0 * ${preferred_scale}) + ${margin} + (px(50.0) / 100.0 * ${preferred_scale}) + ${margin} - (px(50.0) / 100.0 * ${preferred_scale}) - ${margin} - (px(50.0) / 100.0 * ${preferred_scale}) - ${margin} + (px(50.0) / 100.0 * ${preferred_scale}) + ${margin} + (px(50.0) / 100.0 * ${preferred_scale}) + ${margin} + (px(50.0) / 100.0 * ${preferred_scale}) + ${margin}",
      "dynamicY": "0.20763598 * ${screen_height} + (px(35.0) /100.0 * ${preferred_scale}) + ${margin} - (px(35.0) /100.0 * ${preferred_scale}) - ${margin} - (px(35.0) /100.0 * ${preferred_scale}) - ${margin} - (px(35.0) /100.0 * ${preferred_scale}) - ${margin}",
      "height": 25.0,
      "isDynamicBtn": false,
      "isHideable": false,
      "isSwipeable": false,
      "isToggle": false,
      "keycodes": [
        -2,
        290,
        0,
        0
      ],
      "name": "GUI",
      "opacity": 0.0,
      "passThruEnabled": false,
      "strokeColor": -1,
      "strokeWidth": 0.0,
      "width": 50.0
    },
    {
      "bgColor": 1291845632,
      "cornerRadius": 0.0,
      "displayInGame": true,
      "displayInMenu": true,
      "dynamicX": "${margin}",
      "dynamicY": "(${screen_height} - (px(50.0) /100.0 * ${preferred_scale})) - ${margin} * 2 - (px(50.0) /100.0 * ${preferred_scale}) - (px(42.5) /100.0 * ${preferred_scale}) - ${margin} - ${height} - ${margin}",
      "height": 35.0,
      "isDynamicBtn": false,
      "isHideable": true,
      "isSwipeable": false,
      "isToggle": false,
      "keycodes": [
        -3,
        0,
        0,
        0
      ],
      "name": "PRI",
      "opacity": 0.79,
      "passThruEnabled": false,
      "strokeColor": -1,
      "strokeWidth": 0.0,
      "width": 50.0
    },
    {
      "bgColor": 1291845632,
      "cornerRadius": 0.0,
      "displayInGame": true,
      "displayInMenu": true,
      "dynamicX": "${margin} * 3 + (px(50.0) / 100.0 * ${preferred_scale}) * 2 + (px(50.0) / 100.0 * ${preferred_scale}) + ${margin}",
      "dynamicY": "1.0 * ${screen_height} - (px(30.0) /100.0 * ${preferred_scale}) - ${height} - ${margin}",
      "height": 50.0,
      "isDynamicBtn": false,
      "isHideable": true,
      "isSwipeable": false,
      "isToggle": false,
      "keycodes": [
        -4,
        0,
        0,
        0
      ],
      "name": "SEC",
      "opacity": 0.8,
      "passThruEnabled": false,
      "strokeColor": -1,
      "strokeWidth": 0.0,
      "width": 50.0
    },
    {
      "bgColor": 1291845632,
      "cornerRadius": 0.0,
      "displayInGame": true,
      "displayInMenu": true,
      "dynamicX": "${right}",
      "dynamicY": "${margin}",
      "height": 30.0,
      "isDynamicBtn": false,
      "isHideable": false,
      "isSwipeable": false,
      "isToggle": false,
      "keycodes": [
        -5,
        0,
        0,
        0
      ],
      "name": "Mouse",
      "opacity": 0.0,
      "passThruEnabled": false,
      "strokeColor": -1,
      "strokeWidth": 0.0,
      "width": 80.0
    },
    {
      "bgColor": 1291845632,
      "cornerRadius": 0.0,
      "displayInGame": true,
      "displayInMenu": false,
      "dynamicX": "${margin}",
      "dynamicY": "${margin}",
      "height": 30.0,
      "isDynamicBtn": false,
      "isHideable": true,
      "isSwipeable": false,
      "isToggle": false,
      "keycodes": [
        292,
        0,
        0,
        0
      ],
      "name": "Debug",
      "opacity": 0.29,
      "passThruEnabled": false,
      "strokeColor": -1,
      "strokeWidth": 0.0,
      "width": 40.0
    },
    {
      "bgColor": 1291845632,
      "cornerRadius": 0.0,
      "displayInGame": true,
      "displayInMenu": false,
      "dynamicX": "${margin}",
      "dynamicY": "${margin} + (px(30.0) /100.0 * ${preferred_scale}) + ${margin}",
      "height": 30.0,
      "isDynamicBtn": false,
      "isHideable": true,
      "isSwipeable": false,
      "isToggle": false,
      "keycodes": [
        84,
        0,
        0,
        0
      ],
      "name": "Chat",
      "opacity": 0.3,
      "passThruEnabled": false,
      "strokeColor": -1,
      "strokeWidth": 0.0,
      "width": 80.0
    },
    {
      "bgColor": 1291845632,
      "cornerRadius": 0.0,
      "displayInGame": true,
      "displayInMenu": false,
      "dynamicX": "${margin}",
      "dynamicY": "${margin} + (px(30.0) /100.0 * ${preferred_scale}) + ${margin} + (px(30.0) /100.0 * ${preferred_scale}) + ${margin}",
      "height": 30.0,
      "isDynamicBtn": false,
      "isHideable": true,
      "isSwipeable": false,
      "isToggle": false,
      "keycodes": [
        258,
        0,
        0,
        0
      ],
      "name": "Tab",
      "opacity": 0.21,
      "passThruEnabled": false,
      "strokeColor": -1,
      "strokeWidth": 0.0,
      "width": 80.0
    },
    {
      "bgColor": 1291845632,
      "cornerRadius": 0.0,
      "displayInGame": true,
      "displayInMenu": false,
      "dynamicX": "${margin} + (px(40.0) / 100.0 * ${preferred_scale}) + ${margin}",
      "dynamicY": "${margin}",
      "height": 30.0,
      "isDynamicBtn": false,
      "isHideable": true,
      "isSwipeable": false,
      "isToggle": false,
      "keycodes": [
        294,
        0,
        0,
        0
      ],
      "name": "3rd",
      "opacity": 0.34,
      "passThruEnabled": false,
      "strokeColor": -1,
      "strokeWidth": 0.0,
      "width": 80.0
    },
    {
      "bgColor": 1291845632,
      "cornerRadius": 0.0,
      "displayInGame": true,
      "displayInMenu": false,
      "dynamicX": "${margin} * 2 + (px(50.0) / 100.0 * ${preferred_scale})",
      "dynamicY": "${screen_height} - ${margin} * 2 - (px(50.0) /100.0 * ${preferred_scale}) * 2 - ${height} - ${margin}",
      "height": 50.0,
      "isDynamicBtn": false,
      "isHideable": true,
      "isSwipeable": true,
      "isToggle": false,
      "keycodes": [
        87,
        0,
        0,
        0
      ],
      "name": "▲",
      "opacity": 0.6,
      "passThruEnabled": false,
      "strokeColor": -1,
      "strokeWidth": 0.0,
      "width": 50.0
    },
    {
      "bgColor": 1291845632,
      "cornerRadius": 0.0,
      "displayInGame": true,
      "displayInMenu": false,
      "dynamicX": "${margin}",
      "dynamicY": "${bottom} - ${margin} * 2 - ${height}",
      "height": 50.0,
      "isDynamicBtn": false,
      "isHideable": true,
      "isSwipeable": true,
      "isToggle": false,
      "keycodes": [
        65,
        0,
        0,
        0
      ],
      "name": "◀",
      "opacity": 0.6,
      "passThruEnabled": false,
      "strokeColor": -1,
      "strokeWidth": 0.0,
      "width": 50.0
    },
    {
      "bgColor": 1291845632,
      "cornerRadius": 0.0,
      "displayInGame": true,
      "displayInMenu": false,
      "dynamicX": "${margin} * 2 + ${width}",
      "dynamicY": "${bottom} - ${margin}",
      "height": 50.0,
      "isDynamicBtn": false,
      "isHideable": true,
      "isSwipeable": true,
      "isToggle": false,
      "keycodes": [
        83,
        0,
        0,
        0
      ],
      "name": "▼",
      "opacity": 0.6,
      "passThruEnabled": false,
      "strokeColor": -1,
      "strokeWidth": 0.0,
      "width": 50.0
    },
    {
      "bgColor": 1291845632,
      "cornerRadius": 0.0,
      "displayInGame": true,
      "displayInMenu": false,
      "dynamicX": "${margin} * 3 + ${width} * 2",
      "dynamicY": "${bottom} - ${margin} * 2 - ${height}",
      "height": 50.0,
      "isDynamicBtn": false,
      "isHideable": true,
      "isSwipeable": true,
      "isToggle": false,
      "keycodes": [
        68,
        0,
        0,
        0
      ],
      "name": "▶",
      "opacity": 0.6,
      "passThruEnabled": false,
      "strokeColor": -1,
      "strokeWidth": 0.0,
      "width": 50.0
    },
    {
      "bgColor": 1291845632,
      "cornerRadius": 0.0,
      "displayInGame": true,
      "displayInMenu": true,
      "dynamicX": "0.26704285 * ${screen_width}",
      "dynamicY": "1.0 * ${screen_height} - (px(30.0) /100.0 * ${preferred_scale}) - (px(50.0) /100.0 * ${preferred_scale}) - ${margin} + (px(50.0) /100.0 * ${preferred_scale}) + ${margin}",
      "height": 35.0,
      "isDynamicBtn": false,
      "isHideable": true,
      "isSwipeable": false,
      "isToggle": false,
      "keycodes": [
        69,
        0,
        0,
        0
      ],
      "name": "Inv",
      "opacity": 0.6,
      "passThruEnabled": false,
      "strokeColor": -1,
      "strokeWidth": 0.0,
      "width": 35.0
    },
    {
      "bgColor": 1291845632,
      "cornerRadius": 0.0,
      "displayInGame": true,
      "displayInMenu": false,
      "dynamicX": "${margin} * 3 + (px(50.0) / 100.0 * ${preferred_scale}) * 2 - ${width} - ${margin}",
      "dynamicY": "(${screen_height} - (px(50.0) /100.0 * ${preferred_scale})) - ${margin} * 2 - (px(50.0) /100.0 * ${preferred_scale})",
      "height": 50.0,
      "isDynamicBtn": false,
      "isHideable": true,
      "isSwipeable": false,
      "isToggle": false,
      "keycodes": [
        340,
        0,
        0,
        0
      ],
      "name": "◇",
      "opacity": 0.35,
      "passThruEnabled": false,
      "strokeColor": -1,
      "strokeWidth": 0.0,
      "width": 50.0
    },
    {
      "bgColor": 1291845632,
      "cornerRadius": 0.0,
      "displayInGame": true,
      "displayInMenu": false,
      "dynamicX": "0.85791 * ${screen_width} - ${width}",
      "dynamicY": "0.2617738 * ${screen_height} + (px(50.0) /100.0 * ${preferred_scale}) + ${margin} + (px(50.0) /100.0 * ${preferred_scale}) + ${margin} + (px(50.0) /100.0 * ${preferred_scale}) + ${margin}",
      "height": 50.0,
      "isDynamicBtn": false,
      "isHideable": true,
      "isSwipeable": false,
      "isToggle": false,
      "keycodes": [
        32,
        0,
        0,
        0
      ],
      "name": "⬛",
      "opacity": 0.5,
      "passThruEnabled": false,
      "strokeColor": -1,
      "strokeWidth": 0.0,
      "width": 50.0
    },
    {
      "bgColor": 1291845632,
      "cornerRadius": 0.0,
      "displayInGame": true,
      "displayInMenu": false,
      "dynamicX": "${margin}",
      "dynamicY": "(${screen_height} - (px(50.0) /100.0 * ${preferred_scale})) - ${margin} * 2 - (px(50.0) /100.0 * ${preferred_scale}) - (px(42.5) /100.0 * ${preferred_scale}) - ${margin} - (px(35.0) /100.0 * ${preferred_scale}) - ${margin} - (px(35.0) /100.0 * ${preferred_scale}) - ${margin} - ${height} - ${margin}",
      "height": 35.0,
      "isDynamicBtn": false,
      "isHideable": true,
      "isSwipeable": false,
      "isToggle": false,
      "keycodes": [
        32,
        0,
        0,
        0
      ],
      "name": "UP",
      "opacity": 0.47,
      "passThruEnabled": false,
      "strokeColor": -1,
      "strokeWidth": 0.0,
      "width": 50.0
    },
    {
      "bgColor": 1291845632,
      "cornerRadius": 0.0,
      "displayInGame": true,
      "displayInMenu": false,
      "dynamicX": "${margin}",
      "dynamicY": "(${screen_height} - (px(50.0) /100.0 * ${preferred_scale})) - ${margin} * 2 - (px(50.0) /100.0 * ${preferred_scale}) - (px(42.5) /100.0 * ${preferred_scale}) - ${margin} - (px(35.0) /100.0 * ${preferred_scale}) - ${margin} - ${height} - ${margin}",
      "height": 35.0,
      "isDynamicBtn": false,
      "isHideable": true,
      "isSwipeable": false,
      "isToggle": true,
      "keycodes": [
        340,
        0,
        0,
        0
      ],
      "name": "DOWN",
      "opacity": 0.44,
      "passThruEnabled": false,
      "strokeColor": -1,
      "strokeWidth": 0.0,
      "width": 50.0
    },
    {
      "bgColor": 1291845632,
      "cornerRadius": 0.0,
      "displayInGame": true,
      "displayInMenu": false,
      "dynamicX": "0.9603484 * ${screen_width} - ${width}",
      "dynamicY": "0.38333333 * ${screen_height} - (px(50.0) /100.0 * ${preferred_scale}) - ${margin} + (px(50.0) /100.0 * ${preferred_scale}) + ${margin} + (px(50.0) /100.0 * ${preferred_scale}) + ${margin} + (px(50.0) /100.0 * ${preferred_scale}) + ${margin} + (px(50.0) /100.0 * ${preferred_scale}) + ${margin}",
      "height": 50.0,
      "isDynamicBtn": false,
      "isHideable": true,
      "isSwipeable": false,
      "isToggle": false,
      "keycodes": [
        -3,
        0,
        0,
        0
      ],
      "name": "PRI",
      "opacity": 0.4,
      "passThruEnabled": true,
      "strokeColor": -1,
      "strokeWidth": 0.0,
      "width": 50.0
    },
    {
      "bgColor": 1291845632,
      "cornerRadius": 0.0,
      "displayInGame": true,
      "displayInMenu": false,
      "dynamicX": "0.96036184 * ${screen_width} - ${width}",
      "dynamicY": "0.7265325 * ${screen_height} - ${height}",
      "height": 50.0,
      "isDynamicBtn": false,
      "isHideable": true,
      "isSwipeable": false,
      "isToggle": false,
      "keycodes": [
        -4,
        0,
        0,
        0
      ],
      "name": "SEC",
      "opacity": 0.4,
      "passThruEnabled": true,
      "strokeColor": -1,
      "strokeWidth": 0.0,
      "width": 50.0
    },
    {
      "bgColor": 1291845632,
      "cornerRadius": 0.0,
      "displayInGame": true,
      "displayInMenu": false,
      "dynamicX": "0.7175362 * ${screen_width} - ${width}",
      "dynamicY": "1.0 * ${screen_height} - ${height}",
      "height": 35.0,
      "isDynamicBtn": false,
      "isHideable": true,
      "isSwipeable": false,
      "isToggle": false,
      "keycodes": [
        70,
        0,
        0,
        0
      ],
      "name": "Fs",
      "opacity": 0.5,
      "passThruEnabled": false,
      "strokeColor": -1,
      "strokeWidth": 0.0,
      "width": 25.0
    },
    {
      "bgColor": 1291845632,
      "cornerRadius": 0.0,
      "displayInGame": true,
      "displayInMenu": false,
      "dynamicX": "${margin} * 2 + (px(50.0) / 100.0 * ${preferred_scale})",
      "dynamicY": "${screen_height} - ${margin} * 2 - (px(50.0) /100.0 * ${preferred_scale}) * 2 - (px(50.0) /100.0 * ${preferred_scale}) - ${margin} - ${height} - ${margin}",
      "height": 25.0,
      "isDynamicBtn": false,
      "isHideable": true,
      "isSwipeable": true,
      "isToggle": false,
      "keycodes": [
        341,
        87,
        0,
        0
      ],
      "name": "boost",
      "opacity": 0.14,
      "passThruEnabled": false,
      "strokeColor": -1,
      "strokeWidth": 0.0,
      "width": 50.0
    },
    {
      "bgColor": 1291845632,
      "cornerRadius": 0.0,
      "displayInGame": true,
      "displayInMenu": false,
      "dynamicX": "${margin}",
      "dynamicY": "(${screen_height} - (px(50.0) /100.0 * ${preferred_scale})) - ${margin} * 2 - (px(50.0) /100.0 * ${preferred_scale}) - ${height} - ${margin}",
      "height": 42.5,
      "isDynamicBtn": false,
      "isHideable": true,
      "isSwipeable": true,
      "isToggle": false,
      "keycodes": [
        87,
        65,
        0,
        0
      ],
      "name": "▲",
      "opacity": 0.2,
      "passThruEnabled": false,
      "strokeColor": -1,
      "strokeWidth": 0.0,
      "width": 50.0
    },
    {
      "bgColor": 1291845632,
      "cornerRadius": 0.0,
      "displayInGame": true,
      "displayInMenu": false,
      "dynamicX": "${margin} * 3 + (px(50.0) / 100.0 * ${preferred_scale}) * 2",
      "dynamicY": "(${screen_height} - (px(50.0) /100.0 * ${preferred_scale})) - ${margin} * 2 - (px(50.0) /100.0 * ${preferred_scale}) - ${height} - ${margin}",
      "height": 42.5,
      "isDynamicBtn": false,
      "isHideable": true,
      "isSwipeable": true,
      "isToggle": false,
      "keycodes": [
        87,
        68,
        0,
        0
      ],
      "name": "▲",
      "opacity": 0.21,
      "passThruEnabled": false,
      "strokeColor": -1,
      "strokeWidth": 0.0,
      "width": 50.0
    },
    {
      "bgColor": 1291845632,
      "cornerRadius": 0.0,
      "displayInGame": true,
      "displayInMenu": false,
      "dynamicX": "${margin} * 3 + (px(50.0) / 100.0 * ${preferred_scale}) * 2",
      "dynamicY": "(${screen_height} - (px(50.0) /100.0 * ${preferred_scale})) - ${margin} * 2 - (px(50.0) /100.0 * ${preferred_scale}) + (px(50.0) /100.0 * ${preferred_scale}) + ${margin}",
      "height": 50.0,
      "isDynamicBtn": false,
      "isHideable": true,
      "isSwipeable": true,
      "isToggle": false,
      "keycodes": [
        83,
        68,
        0,
        0
      ],
      "name": "▼",
      "opacity": 0.2,
      "passThruEnabled": false,
      "strokeColor": -1,
      "strokeWidth": 0.0,
      "width": 50.0
    },
    {
      "bgColor": 1291845632,
      "cornerRadius": 0.0,
      "displayInGame": true,
      "displayInMenu": false,
      "dynamicX": "${margin} * 2 + (px(50.0) / 100.0 * ${preferred_scale}) - ${width} - ${margin}",
      "dynamicY": "(${screen_height} - (px(50.0) /100.0 * ${preferred_scale})) - ${margin}",
      "height": 50.0,
      "isDynamicBtn": false,
      "isHideable": true,
      "isSwipeable": true,
      "isToggle": false,
      "keycodes": [
        83,
        65,
        0,
        0
      ],
      "name": "▼",
      "opacity": 0.2,
      "passThruEnabled": false,
      "strokeColor": -1,
      "strokeWidth": 0.0,
      "width": 50.0
    },
    {
      "bgColor": 1291845632,
      "cornerRadius": 0.0,
      "displayInGame": true,
      "displayInMenu": false,
      "dynamicX": "0.8654891 * ${screen_width} - ${width}",
      "dynamicY": "0.9520267 * ${screen_height} - ${height}",
      "height": 20.0,
      "isDynamicBtn": false,
      "isHideable": true,
      "isSwipeable": true,
      "isToggle": false,
      "keycodes": [
        340,
        0,
        0,
        0
      ],
      "name": "◇",
      "opacity": 0.5,
      "passThruEnabled": false,
      "strokeColor": -1,
      "strokeWidth": 0.0,
      "width": 50.0
    },
    {
      "bgColor": 1291845632,
      "cornerRadius": 0.0,
      "displayInGame": false,
      "displayInMenu": true,
      "dynamicX": "0.904669 * ${screen_width} - ${width}",
      "dynamicY": "${margin} + (px(30.0) /100.0 * ${preferred_scale}) + ${margin} + (px(50.0) /100.0 * ${preferred_scale}) + ${margin} + (px(50.0) /100.0 * ${preferred_scale}) + ${margin} - ${height} - ${margin}",
      "height": 50.0,
      "isDynamicBtn": false,
      "isHideable": true,
      "isSwipeable": false,
      "isToggle": false,
      "keycodes": [
        -3,
        0,
        0,
        0
      ],
      "name": "PRI",
      "opacity": 0.66,
      "passThruEnabled": true,
      "strokeColor": -1,
      "strokeWidth": 0.0,
      "width": 50.0
    },
    {
      "bgColor": 1291845632,
      "cornerRadius": 0.0,
      "displayInGame": true,
      "displayInMenu": false,
      "dynamicX": "0.44812155 * ${screen_width}",
      "dynamicY": "0.3969999 * ${screen_height}",
      "height": 50.0,
      "isDynamicBtn": false,
      "isHideable": true,
      "isSwipeable": false,
      "isToggle": false,
      "keycodes": [
        67,
        0,
        0,
        0
      ],
      "name": "C",
      "opacity": 0.0,
      "passThruEnabled": true,
      "strokeColor": -1,
      "strokeWidth": 0.0,
      "width": 50.0
    },
    {
      "bgColor": 1291845632,
      "cornerRadius": 0.0,
      "displayInGame": false,
      "displayInMenu": true,
      "dynamicX": "${margin} * 3 + (px(50.0) / 100.0 * ${preferred_scale}) * 2 - (px(50.0) / 100.0 * ${preferred_scale}) - ${margin}",
      "dynamicY": "(${screen_height} - (px(50.0) /100.0 * ${preferred_scale})) - ${margin} * 2 - (px(50.0) /100.0 * ${preferred_scale})",
      "height": 50.0,
      "isDynamicBtn": false,
      "isHideable": true,
      "isSwipeable": false,
      "isToggle": true,
      "keycodes": [
        340,
        0,
        0,
        0
      ],
      "name": "◇",
      "opacity": 0.35,
      "passThruEnabled": false,
      "strokeColor": -1,
      "strokeWidth": 0.0,
      "width": 50.0
    },
    {
      "bgColor": 1291845632,
      "cornerRadius": 0.0,
      "displayInGame": false,
      "displayInMenu": true,
      "dynamicX": "${margin}",
      "dynamicY": "(${screen_height} - (px(50.0) /100.0 * ${preferred_scale})) - ${margin} * 2 - (px(50.0) /100.0 * ${preferred_scale}) - (px(42.5) /100.0 * ${preferred_scale}) - ${margin}",
      "height": 30.0,
      "isDynamicBtn": false,
      "isHideable": true,
      "isSwipeable": false,
      "isToggle": false,
      "keycodes": [
        258,
        0,
        0,
        0
      ],
      "name": "Tab",
      "opacity": 0.52,
      "passThruEnabled": false,
      "strokeColor": -1,
      "strokeWidth": 0.0,
      "width": 80.0
    },
    {
      "bgColor": 889178312,
      "cornerRadius": 0.0,
      "displayInGame": true,
      "displayInMenu": true,
      "dynamicX": "0.22170353 * ${screen_width} + (px(50.0) / 100.0 * ${preferred_scale}) + ${margin} + (px(50.0) / 100.0 * ${preferred_scale}) + ${margin} - (px(50.0) / 100.0 * ${preferred_scale}) - ${margin} - (px(50.0) / 100.0 * ${preferred_scale}) - ${margin} + (px(50.0) / 100.0 * ${preferred_scale}) + ${margin} + (px(50.0) / 100.0 * ${preferred_scale}) + ${margin} + (px(50.0) / 100.0 * ${preferred_scale}) + ${margin} + (px(50.0) / 100.0 * ${preferred_scale}) + ${margin}",
      "dynamicY": "0.20763598 * ${screen_height} + (px(35.0) /100.0 * ${preferred_scale}) + ${margin} - (px(35.0) /100.0 * ${preferred_scale}) - ${margin} - (px(35.0) /100.0 * ${preferred_scale}) - ${margin} - (px(35.0) /100.0 * ${preferred_scale}) - ${margin}",
      "height": 25.0,
      "isDynamicBtn": false,
      "isHideable": true,
      "isSwipeable": false,
      "isToggle": false,
      "keycodes": [
        -9,
        0,
        0,
        0
      ],
      "name": "MENU",
      "opacity": 0.29,
      "passThruEnabled": false,
      "strokeColor": -1,
      "strokeWidth": 0.0,
      "width": 50.0
    }
  ],
  "mDrawerDataList": [
    {
      "buttonProperties": [
        {
          "bgColor": 1291845632,
          "cornerRadius": 0.0,
          "displayInGame": true,
          "displayInMenu": true,
          "dynamicX": "(${screen_width} - (px(80.0) / 100.0 * ${preferred_scale})) + (px(80.0) / 100.0 * ${preferred_scale}) - (px(50.0) / 100.0 * ${preferred_scale}) - (px(50.0) / 100.0 * ${preferred_scale}) - ${margin} + (px(50.0) / 100.0 * ${preferred_scale}) + ${margin}",
          "dynamicY": "${margin} + (px(30.0) /100.0 * ${preferred_scale}) + ${margin} + (px(50.0) /100.0 * ${preferred_scale}) + ${margin}",
          "height": 50.0,
          "isDynamicBtn": false,
          "isHideable": true,
          "isSwipeable": false,
          "isToggle": false,
          "keycodes": [
            80,
            0,
            0,
            0
          ],
          "name": "P",
          "opacity": 1.0,
          "passThruEnabled": false,
          "strokeColor": -1,
          "strokeWidth": 0.0,
          "width": 50.0
        },
        {
          "bgColor": 1291845632,
          "cornerRadius": 0.0,
          "displayInGame": true,
          "displayInMenu": true,
          "dynamicX": "(${screen_width} - (px(80.0) / 100.0 * ${preferred_scale})) + (px(80.0) / 100.0 * ${preferred_scale}) - (px(50.0) / 100.0 * ${preferred_scale}) - (px(50.0) / 100.0 * ${preferred_scale}) - ${margin} - (px(50.0) / 100.0 * ${preferred_scale}) - ${margin} - ${width} - ${margin}",
          "dynamicY": "0.29242307 * ${screen_height} + (px(50.0) /100.0 * ${preferred_scale}) + ${margin} - ${height} - ${margin}",
          "height": 50.0,
          "isDynamicBtn": false,
          "isHideable": true,
          "isSwipeable": false,
          "isToggle": false,
          "keycodes": [
            82,
            0,
            0,
            0
          ],
          "name": "R",
          "opacity": 1.0,
          "passThruEnabled": true,
          "strokeColor": -1,
          "strokeWidth": 0.0,
          "width": 50.0
        },
        {
          "bgColor": 1291845632,
          "cornerRadius": 0.0,
          "displayInGame": true,
          "displayInMenu": true,
          "dynamicX": "1.0 * ${screen_width} - (px(50.0) / 100.0 * ${preferred_scale}) - (px(50.0) / 100.0 * ${preferred_scale}) - ${margin} + (px(50.0) / 100.0 * ${preferred_scale}) + ${margin}",
          "dynamicY": "0.38333333 * ${screen_height} - (px(50.0) /100.0 * ${preferred_scale}) - ${margin} + (px(50.0) /100.0 * ${preferred_scale}) + ${margin}",
          "height": 50.0,
          "isDynamicBtn": false,
          "isHideable": true,
          "isSwipeable": false,
          "isToggle": false,
          "keycodes": [
            77,
            0,
            0,
            0
          ],
          "name": "M",
          "opacity": 1.0,
          "passThruEnabled": false,
          "strokeColor": -1,
          "strokeWidth": 0.0,
          "width": 50.0
        },
        {
          "bgColor": 1291845632,
          "cornerRadius": 0.0,
          "displayInGame": true,
          "displayInMenu": true,
          "dynamicX": "(${screen_width} - (px(80.0) / 100.0 * ${preferred_scale})) + (px(80.0) / 100.0 * ${preferred_scale}) - (px(50.0) / 100.0 * ${preferred_scale}) - (px(50.0) / 100.0 * ${preferred_scale}) - ${margin} - (px(50.0) / 100.0 * ${preferred_scale}) - ${margin} - (px(50.0) / 100.0 * ${preferred_scale}) - ${margin} - (px(50.0) / 100.0 * ${preferred_scale}) - ${margin} - (px(50.0) / 100.0 * ${preferred_scale}) - ${margin} + (px(50.0) / 100.0 * ${preferred_scale}) + ${margin}",
          "dynamicY": "${margin} + (px(30.0) /100.0 * ${preferred_scale}) + ${margin} + (px(50.0) /100.0 * ${preferred_scale}) + ${margin}",
          "height": 50.0,
          "isDynamicBtn": false,
          "isHideable": true,
          "isSwipeable": false,
          "isToggle": false,
          "keycodes": [
            67,
            0,
            0,
            0
          ],
          "name": "C",
          "opacity": 1.0,
          "passThruEnabled": true,
          "strokeColor": -1,
          "strokeWidth": 0.0,
          "width": 50.0
        },
        {
          "bgColor": 1291845632,
          "cornerRadius": 0.0,
          "displayInGame": true,
          "displayInMenu": true,
          "dynamicX": "(${screen_width} - (px(80.0) / 100.0 * ${preferred_scale})) + (px(80.0) / 100.0 * ${preferred_scale}) - (px(50.0) / 100.0 * ${preferred_scale}) - (px(50.0) / 100.0 * ${preferred_scale}) - ${margin} - (px(50.0) / 100.0 * ${preferred_scale}) - ${margin} - (px(50.0) / 100.0 * ${preferred_scale}) - ${margin} + (px(50.0) / 100.0 * ${preferred_scale}) + ${margin}",
          "dynamicY": "${margin} + (px(30.0) /100.0 * ${preferred_scale}) + ${margin}",
          "height": 50.0,
          "isDynamicBtn": false,
          "isHideable": true,
          "isSwipeable": false,
          "isToggle": false,
          "keycodes": [
            74,
            0,
            0,
            0
          ],
          "name": "J",
          "opacity": 1.0,
          "passThruEnabled": false,
          "strokeColor": -1,
          "strokeWidth": 0.0,
          "width": 50.0
        },
        {
          "bgColor": 1291845632,
          "cornerRadius": 0.0,
          "displayInGame": true,
          "displayInMenu": true,
          "dynamicX": "(${screen_width} - (px(80.0) / 100.0 * ${preferred_scale})) + (px(80.0) / 100.0 * ${preferred_scale}) - (px(50.0) / 100.0 * ${preferred_scale}) - (px(50.0) / 100.0 * ${preferred_scale}) - ${margin} - (px(50.0) / 100.0 * ${preferred_scale}) - ${margin} - ${width} - ${margin}",
          "dynamicY": "0.29242307 * ${screen_height} + (px(50.0) /100.0 * ${preferred_scale}) + ${margin} - (px(50.0) /100.0 * ${preferred_scale}) - ${margin} + (px(50.0) /100.0 * ${preferred_scale}) + ${margin}",
          "height": 50.0,
          "isDynamicBtn": false,
          "isHideable": true,
          "isSwipeable": false,
          "isToggle": false,
          "keycodes": [
            72,
            0,
            0,
            0
          ],
          "name": "H",
          "opacity": 1.0,
          "passThruEnabled": true,
          "strokeColor": -1,
          "strokeWidth": 0.0,
          "width": 50.0
        },
        {
          "bgColor": 1291845632,
          "cornerRadius": 0.0,
          "displayInGame": true,
          "displayInMenu": true,
          "dynamicX": "(${screen_width} - (px(80.0) / 100.0 * ${preferred_scale})) + (px(80.0) / 100.0 * ${preferred_scale}) - (px(50.0) / 100.0 * ${preferred_scale}) - ${width} - ${margin}",
          "dynamicY": "${margin} + (px(30.0) /100.0 * ${preferred_scale}) + ${margin}",
          "height": 50.0,
          "isDynamicBtn": false,
          "isHideable": true,
          "isSwipeable": false,
          "isToggle": false,
          "keycodes": [
            71,
            0,
            0,
            0
          ],
          "name": "G",
          "opacity": 1.0,
          "passThruEnabled": false,
          "strokeColor": -1,
          "strokeWidth": 0.0,
          "width": 50.0
        },
        {
          "bgColor": 1291845632,
          "cornerRadius": 0.0,
          "displayInGame": true,
          "displayInMenu": true,
          "dynamicX": "1.0 * ${screen_width} - (px(50.0) / 100.0 * ${preferred_scale}) - (px(50.0) / 100.0 * ${preferred_scale}) - ${margin} + (px(50.0) / 100.0 * ${preferred_scale}) + ${margin}",
          "dynamicY": "0.38333333 * ${screen_height} - (px(50.0) /100.0 * ${preferred_scale}) - ${margin} + (px(50.0) /100.0 * ${preferred_scale}) + ${margin} + (px(50.0) /100.0 * ${preferred_scale}) + ${margin} + (px(50.0) /100.0 * ${preferred_scale}) + ${margin}",
          "height": 50.0,
          "isDynamicBtn": false,
          "isHideable": true,
          "isSwipeable": false,
          "isToggle": false,
          "keycodes": [
            81,
            0,
            0,
            0
          ],
          "name": "Q",
          "opacity": 1.0,
          "passThruEnabled": false,
          "strokeColor": -1,
          "strokeWidth": 0.0,
          "width": 50.0
        },
        {
          "bgColor": 1291845632,
          "cornerRadius": 0.0,
          "displayInGame": true,
          "displayInMenu": true,
          "dynamicX": "(${screen_width} - (px(80.0) / 100.0 * ${preferred_scale})) + (px(80.0) / 100.0 * ${preferred_scale}) - (px(50.0) / 100.0 * ${preferred_scale}) - (px(50.0) / 100.0 * ${preferred_scale}) - ${margin} - (px(50.0) / 100.0 * ${preferred_scale}) - ${margin}",
          "dynamicY": "${margin} + (px(30.0) /100.0 * ${preferred_scale}) + ${margin} + (px(50.0) /100.0 * ${preferred_scale}) + ${margin} + (px(50.0) /100.0 * ${preferred_scale}) + ${margin}",
          "height": 50.0,
          "isDynamicBtn": false,
          "isHideable": true,
          "isSwipeable": false,
          "isToggle": false,
          "keycodes": [
            85,
            0,
            0,
            0
          ],
          "name": "U",
          "opacity": 1.0,
          "passThruEnabled": true,
          "strokeColor": -1,
          "strokeWidth": 0.0,
          "width": 50.0
        },
        {
          "bgColor": 1291845632,
          "cornerRadius": 0.0,
          "displayInGame": true,
          "displayInMenu": true,
          "dynamicX": "1.0 * ${screen_width} - (px(50.0) / 100.0 * ${preferred_scale}) - (px(50.0) / 100.0 * ${preferred_scale}) - ${margin} + (px(50.0) / 100.0 * ${preferred_scale}) + ${margin} - (px(50.0) / 100.0 * ${preferred_scale}) - ${margin} - ${width} - ${margin}",
          "dynamicY": "0.38333333 * ${screen_height} - (px(50.0) /100.0 * ${preferred_scale}) - ${margin} + (px(50.0) /100.0 * ${preferred_scale}) + ${margin} + (px(50.0) /100.0 * ${preferred_scale}) + ${margin}",
          "height": 50.0,
          "isDynamicBtn": false,
          "isHideable": true,
          "isSwipeable": false,
          "isToggle": false,
          "keycodes": [
            86,
            0,
            0,
            0
          ],
          "name": "V",
          "opacity": 1.0,
          "passThruEnabled": true,
          "strokeColor": -1,
          "strokeWidth": 0.0,
          "width": 50.0
        },
        {
          "bgColor": 1291845632,
          "cornerRadius": 0.0,
          "displayInGame": true,
          "displayInMenu": true,
          "dynamicX": "(${screen_width} - (px(80.0) / 100.0 * ${preferred_scale})) + (px(80.0) / 100.0 * ${preferred_scale}) - (px(50.0) / 100.0 * ${preferred_scale}) - (px(50.0) / 100.0 * ${preferred_scale}) - ${margin} - (px(50.0) / 100.0 * ${preferred_scale}) - ${margin} - (px(50.0) / 100.0 * ${preferred_scale}) - ${margin} + (px(50.0) / 100.0 * ${preferred_scale}) + ${margin} - ${width} - ${margin}",
          "dynamicY": "0.18333334 * ${screen_height} - (px(30.0) /100.0 * ${preferred_scale}) - ${margin}",
          "height": 50.0,
          "isDynamicBtn": false,
          "isHideable": true,
          "isSwipeable": false,
          "isToggle": false,
          "keycodes": [
            75,
            0,
            0,
            0
          ],
          "name": "K",
          "opacity": 1.0,
          "passThruEnabled": false,
          "strokeColor": -1,
          "strokeWidth": 0.0,
          "width": 50.0
        },
        {
          "bgColor": 1291845632,
          "cornerRadius": 0.0,
          "displayInGame": true,
          "displayInMenu": true,
          "dynamicX": "(${screen_width} - (px(80.0) / 100.0 * ${preferred_scale})) + (px(80.0) / 100.0 * ${preferred_scale}) - (px(50.0) / 100.0 * ${preferred_scale}) - (px(50.0) / 100.0 * ${preferred_scale}) - ${margin}",
          "dynamicY": "${margin} + (px(30.0) /100.0 * ${preferred_scale}) + ${margin} + (px(50.0) /100.0 * ${preferred_scale}) + ${margin} + (px(50.0) /100.0 * ${preferred_scale}) + ${margin}",
          "height": 50.0,
          "isDynamicBtn": false,
          "isHideable": true,
          "isSwipeable": false,
          "isToggle": false,
          "keycodes": [
            73,
            0,
            0,
            0
          ],
          "name": "I",
          "opacity": 1.0,
          "passThruEnabled": false,
          "strokeColor": -1,
          "strokeWidth": 0.0,
          "width": 50.0
        },
        {
          "bgColor": 1291845632,
          "cornerRadius": 0.0,
          "displayInGame": true,
          "displayInMenu": true,
          "dynamicX": "(${screen_width} - (px(80.0) / 100.0 * ${preferred_scale})) + (px(80.0) / 100.0 * ${preferred_scale}) - (px(50.0) / 100.0 * ${preferred_scale}) - (px(50.0) / 100.0 * ${preferred_scale}) - ${margin}",
          "dynamicY": "${margin} + (px(30.0) /100.0 * ${preferred_scale}) + ${margin} + (px(50.0) /100.0 * ${preferred_scale}) + ${margin}",
          "height": 50.0,
          "isDynamicBtn": false,
          "isHideable": true,
          "isSwipeable": false,
          "isToggle": false,
          "keycodes": [
            75,
            0,
            0,
            0
          ],
          "name": "K",
          "opacity": 1.0,
          "passThruEnabled": false,
          "strokeColor": -1,
          "strokeWidth": 0.0,
          "width": 50.0
        },
        {
          "bgColor": 1291845632,
          "cornerRadius": 0.0,
          "displayInGame": true,
          "displayInMenu": true,
          "dynamicX": "1.0 * ${screen_width} - (px(50.0) / 100.0 * ${preferred_scale}) - (px(50.0) / 100.0 * ${preferred_scale}) - ${margin} + (px(50.0) / 100.0 * ${preferred_scale}) + ${margin} - ${width} - ${margin}",
          "dynamicY": "0.38333333 * ${screen_height} - (px(50.0) /100.0 * ${preferred_scale}) - ${margin} + (px(50.0) /100.0 * ${preferred_scale}) + ${margin} + (px(50.0) /100.0 * ${preferred_scale}) + ${margin}",
          "height": 50.0,
          "isDynamicBtn": false,
          "isHideable": true,
          "isSwipeable": false,
          "isToggle": false,
          "keycodes": [
            66,
            0,
            0,
            0
          ],
          "name": "B",
          "opacity": 1.0,
          "passThruEnabled": false,
          "strokeColor": -1,
          "strokeWidth": 0.0,
          "width": 50.0
        },
        {
          "bgColor": 1291845632,
          "cornerRadius": 0.0,
          "displayInGame": true,
          "displayInMenu": true,
          "dynamicX": "1.0 * ${screen_width} - (px(50.0) / 100.0 * ${preferred_scale}) - (px(50.0) / 100.0 * ${preferred_scale}) - ${margin} + (px(50.0) / 100.0 * ${preferred_scale}) + ${margin}",
          "dynamicY": "0.38333333 * ${screen_height} - (px(50.0) /100.0 * ${preferred_scale}) - ${margin} + (px(50.0) /100.0 * ${preferred_scale}) + ${margin} + (px(50.0) /100.0 * ${preferred_scale}) + ${margin}",
          "height": 50.0,
          "isDynamicBtn": false,
          "isHideable": true,
          "isSwipeable": false,
          "isToggle": false,
          "keycodes": [
            78,
            0,
            0,
            0
          ],
          "name": "N",
          "opacity": 1.0,
          "passThruEnabled": false,
          "strokeColor": -1,
          "strokeWidth": 0.0,
          "width": 50.0
        },
        {
          "bgColor": 1291845632,
          "cornerRadius": 0.0,
          "displayInGame": true,
          "displayInMenu": true,
          "dynamicX": "(${screen_width} - (px(80.0) / 100.0 * ${preferred_scale})) + (px(80.0) / 100.0 * ${preferred_scale}) - (px(50.0) / 100.0 * ${preferred_scale}) - (px(50.0) / 100.0 * ${preferred_scale}) - ${margin} - (px(50.0) / 100.0 * ${preferred_scale}) - ${margin} - (px(50.0) / 100.0 * ${preferred_scale}) - ${margin} + (px(50.0) / 100.0 * ${preferred_scale}) + ${margin} - (px(50.0) / 100.0 * ${preferred_scale}) - ${margin} - ${width} - ${margin}",
          "dynamicY": "0.18333334 * ${screen_height} - (px(30.000002) /100.0 * ${preferred_scale}) - ${margin}",
          "height": 50.0,
          "isDynamicBtn": false,
          "isHideable": true,
          "isSwipeable": false,
          "isToggle": false,
          "keycodes": [
            76,
            0,
            0,
            0
          ],
          "name": "L",
          "opacity": 1.0,
          "passThruEnabled": false,
          "strokeColor": -1,
          "strokeWidth": 0.0,
          "width": 50.0
        },
        {
          "bgColor": 1291845632,
          "cornerRadius": 0.0,
          "displayInGame": true,
          "displayInMenu": true,
          "dynamicX": "(${screen_width} - (px(80.0) / 100.0 * ${preferred_scale})) + (px(80.0) / 100.0 * ${preferred_scale}) - (px(50.0) / 100.0 * ${preferred_scale}) - (px(50.0) / 100.0 * ${preferred_scale}) - ${margin} - ${width} - ${margin}",
          "dynamicY": "${margin} + (px(30.0) /100.0 * ${preferred_scale}) + ${margin} + (px(50.0) /100.0 * ${preferred_scale}) + ${margin}",
          "height": 50.0,
          "isDynamicBtn": false,
          "isHideable": true,
          "isSwipeable": false,
          "isToggle": false,
          "keycodes": [
            -4,
            0,
            0,
            0
          ],
          "name": "SEC",
          "opacity": 1.0,
          "passThruEnabled": true,
          "strokeColor": -1,
          "strokeWidth": 0.0,
          "width": 50.0
        }
      ],
      "orientation": "FREE",
      "properties": {
        "bgColor": 1291845632,
        "cornerRadius": 0.0,
        "displayInGame": true,
        "displayInMenu": true,
        "dynamicX": "(${screen_width} - (px(80.0) / 100.0 * ${preferred_scale})) + (px(80.0) / 100.0 * ${preferred_scale}) - ${width}",
        "dynamicY": "${margin} + (px(30.0) /100.0 * ${preferred_scale}) + ${margin}",
        "height": 50.0,
        "isDynamicBtn": false,
        "isHideable": true,
        "isSwipeable": false,
        "isToggle": false,
        "keycodes": [
          0,
          0,
          0,
          0
        ],
        "name": "MORE",
        "opacity": 0.14,
        "passThruEnabled": false,
        "strokeColor": -1,
        "strokeWidth": 0.0,
        "width": 50.0
      }
    },
    {
      "buttonProperties": [
        {
          "bgColor": 1291845632,
          "cornerRadius": 0.0,
          "displayInGame": true,
          "displayInMenu": true,
          "dynamicX": "0.22170353 * ${screen_width} + (px(50.0) / 100.0 * ${preferred_scale}) + ${margin}",
          "dynamicY": "0.20763598 * ${screen_height} + (px(35.0) /100.0 * ${preferred_scale}) + ${margin} - ${height} - ${margin}",
          "height": 35.0,
          "isDynamicBtn": false,
          "isHideable": true,
          "isSwipeable": false,
          "isToggle": false,
          "keycodes": [
            89,
            0,
            0,
            0
          ],
          "name": "Y",
          "opacity": 1.0,
          "passThruEnabled": false,
          "strokeColor": -1,
          "strokeWidth": 0.0,
          "width": 50.0
        },
        {
          "bgColor": 1291845632,
          "cornerRadius": 0.0,
          "displayInGame": true,
          "displayInMenu": true,
          "dynamicX": "0.22170353 * ${screen_width} + (px(50.0) / 100.0 * ${preferred_scale}) + ${margin} + (px(50.0) / 100.0 * ${preferred_scale}) + ${margin}",
          "dynamicY": "0.20763598 * ${screen_height} + (px(35.0) /100.0 * ${preferred_scale}) + ${margin} - ${height} - ${margin}",
          "height": 35.0,
          "isDynamicBtn": false,
          "isHideable": true,
          "isSwipeable": false,
          "isToggle": false,
          "keycodes": [
            90,
            0,
            0,
            0
          ],
          "name": "Z",
          "opacity": 1.0,
          "passThruEnabled": false,
          "strokeColor": -1,
          "strokeWidth": 0.0,
          "width": 50.0
        },
        {
          "bgColor": 1291845632,
          "cornerRadius": 0.0,
          "displayInGame": true,
          "displayInMenu": true,
          "dynamicX": "0.22170353 * ${screen_width} + (px(50.0) / 100.0 * ${preferred_scale}) + ${margin} - (px(50.0) / 100.0 * ${preferred_scale}) - ${margin}",
          "dynamicY": "0.20763598 * ${screen_height} + (px(35.0) /100.0 * ${preferred_scale}) + ${margin} - ${height} - ${margin}",
          "height": 35.0,
          "isDynamicBtn": false,
          "isHideable": true,
          "isSwipeable": false,
          "isToggle": false,
          "keycodes": [
            88,
            0,
            0,
            0
          ],
          "name": "X",
          "opacity": 1.0,
          "passThruEnabled": false,
          "strokeColor": -1,
          "strokeWidth": 0.0,
          "width": 50.0
        },
        {
          "bgColor": 1291845632,
          "cornerRadius": 0.0,
          "displayInGame": true,
          "displayInMenu": true,
          "dynamicX": "0.22170353 * ${screen_width} + (px(50.0) / 100.0 * ${preferred_scale}) + ${margin} - ${width} - ${margin}",
          "dynamicY": "0.20763598 * ${screen_height} + (px(35.0) /100.0 * ${preferred_scale}) + ${margin}",
          "height": 35.0,
          "isDynamicBtn": false,
          "isHideable": true,
          "isSwipeable": false,
          "isToggle": false,
          "keycodes": [
            45,
            0,
            0,
            0
          ],
          "name": "-",
          "opacity": 1.0,
          "passThruEnabled": false,
          "strokeColor": -1,
          "strokeWidth": 0.0,
          "width": 50.0
        },
        {
          "bgColor": 1291845632,
          "cornerRadius": 0.0,
          "displayInGame": true,
          "displayInMenu": true,
          "dynamicX": "0.22170353 * ${screen_width} + (px(50.0) / 100.0 * ${preferred_scale}) + ${margin} + (px(50.0) / 100.0 * ${preferred_scale}) + ${margin}",
          "dynamicY": "0.20763598 * ${screen_height} + (px(35.0) /100.0 * ${preferred_scale}) + ${margin}",
          "height": 35.0,
          "isDynamicBtn": false,
          "isHideable": true,
          "isSwipeable": false,
          "isToggle": false,
          "keycodes": [
            61,
            0,
            0,
            0
          ],
          "name": "\u003d",
          "opacity": 1.0,
          "passThruEnabled": false,
          "strokeColor": -1,
          "strokeWidth": 0.0,
          "width": 50.0
        },
        {
          "bgColor": 1291845632,
          "cornerRadius": 0.0,
          "displayInGame": true,
          "displayInMenu": true,
          "dynamicX": "0.22170353 * ${screen_width} + (px(50.0) / 100.0 * ${preferred_scale}) + ${margin}",
          "dynamicY": "0.20763598 * ${screen_height} + (px(35.0) /100.0 * ${preferred_scale}) + ${margin}",
          "height": 35.0,
          "isDynamicBtn": false,
          "isHideable": true,
          "isSwipeable": false,
          "isToggle": false,
          "keycodes": [
            334,
            0,
            0,
            0
          ],
          "name": "+",
          "opacity": 1.0,
          "passThruEnabled": false,
          "strokeColor": -1,
          "strokeWidth": 0.0,
          "width": 50.0
        },
        {
          "bgColor": 1291845632,
          "cornerRadius": 0.0,
          "displayInGame": true,
          "displayInMenu": true,
          "dynamicX": "0.22170353 * ${screen_width} + (px(50.0) / 100.0 * ${preferred_scale}) + ${margin} + (px(50.0) / 100.0 * ${preferred_scale}) + ${margin}",
          "dynamicY": "0.20763598 * ${screen_height} + (px(35.0) /100.0 * ${preferred_scale}) + ${margin} - (px(35.0) /100.0 * ${preferred_scale}) - ${margin} - ${height} - ${margin}",
          "height": 35.0,
          "isDynamicBtn": false,
          "isHideable": true,
          "isSwipeable": false,
          "isToggle": false,
          "keycodes": [
            96,
            0,
            0,
            0
          ],
          "name": "↓",
          "opacity": 1.0,
          "passThruEnabled": false,
          "strokeColor": -1,
          "strokeWidth": 0.0,
          "width": 50.0
        },
        {
          "bgColor": 1291845632,
          "cornerRadius": 0.0,
          "displayInGame": true,
          "displayInMenu": true,
          "dynamicX": "0.22170353 * ${screen_width} + (px(50.0) / 100.0 * ${preferred_scale}) + ${margin} + (px(50.0) / 100.0 * ${preferred_scale}) + ${margin} - (px(50.0) / 100.0 * ${preferred_scale}) - ${margin} - (px(50.0) / 100.0 * ${preferred_scale}) - ${margin} + (px(50.0) / 100.0 * ${preferred_scale}) + ${margin}",
          "dynamicY": "0.20763598 * ${screen_height} + (px(35.0) /100.0 * ${preferred_scale}) + ${margin} - (px(35.0) /100.0 * ${preferred_scale}) - ${margin} - (px(35.0) /100.0 * ${preferred_scale}) - ${margin}",
          "height": 35.0,
          "isDynamicBtn": false,
          "isHideable": true,
          "isSwipeable": false,
          "isToggle": false,
          "keycodes": [
            342,
            0,
            0,
            0
          ],
          "name": "ALT",
          "opacity": 1.0,
          "passThruEnabled": false,
          "strokeColor": -1,
          "strokeWidth": 0.0,
          "width": 50.0
        },
        {
          "bgColor": 1291845632,
          "cornerRadius": 0.0,
          "displayInGame": true,
          "displayInMenu": true,
          "dynamicX": "0.22170353 * ${screen_width} + (px(50.0) / 100.0 * ${preferred_scale}) + ${margin} + (px(50.0) / 100.0 * ${preferred_scale}) + ${margin} - (px(50.0) / 100.0 * ${preferred_scale}) - ${margin} - ${width} - ${margin}",
          "dynamicY": "0.20763598 * ${screen_height} + (px(35.0) /100.0 * ${preferred_scale}) + ${margin} - (px(35.0) /100.0 * ${preferred_scale}) - ${margin} - (px(35.0) /100.0 * ${preferred_scale}) - ${margin}",
          "height": 35.0,
          "isDynamicBtn": false,
          "isHideable": true,
          "isSwipeable": false,
          "isToggle": false,
          "keycodes": [
            341,
            0,
            0,
            0
          ],
          "name": "CTRL",
          "opacity": 1.0,
          "passThruEnabled": false,
          "strokeColor": -1,
          "strokeWidth": 0.0,
          "width": 50.0
        },
        {
          "bgColor": 1305226284,
          "cornerRadius": 0.0,
          "displayInGame": true,
          "displayInMenu": true,
          "dynamicX": "0.22170353 * ${screen_width} + (px(50.0) / 100.0 * ${preferred_scale}) + ${margin} + (px(50.0) / 100.0 * ${preferred_scale}) + ${margin} - (px(50.0) / 100.0 * ${preferred_scale}) - ${margin} - (px(50.0) / 100.0 * ${preferred_scale}) - ${margin} + (px(50.0) / 100.0 * ${preferred_scale}) + ${margin}",
          "dynamicY": "0.20763598 * ${screen_height} + (px(35.0) /100.0 * ${preferred_scale}) + ${margin} - (px(35.0) /100.0 * ${preferred_scale}) - ${margin} - (px(35.0) /100.0 * ${preferred_scale}) - ${margin} - ${height} - ${margin}",
          "height": 35.0,
          "isDynamicBtn": false,
          "isHideable": true,
          "isSwipeable": false,
          "isToggle": false,
          "keycodes": [
            256,
            0,
            0,
            0
          ],
          "name": "|\u003c|",
          "opacity": 1.0,
          "passThruEnabled": false,
          "strokeColor": -1,
          "strokeWidth": 0.0,
          "width": 50.0
        },
        {
          "bgColor": 1298519779,
          "cornerRadius": 0.0,
          "displayInGame": true,
          "displayInMenu": true,
          "dynamicX": "0.22170353 * ${screen_width} + (px(50.0) / 100.0 * ${preferred_scale}) + ${margin} + (px(50.0) / 100.0 * ${preferred_scale}) + ${margin} - (px(50.0) / 100.0 * ${preferred_scale}) - ${margin} - (px(50.0) / 100.0 * ${preferred_scale}) - ${margin} + (px(50.0) / 100.0 * ${preferred_scale}) + ${margin} + (px(50.0) / 100.0 * ${preferred_scale}) + ${margin}",
          "dynamicY": "0.20763598 * ${screen_height} + (px(35.0) /100.0 * ${preferred_scale}) + ${margin} - (px(35.0) /100.0 * ${preferred_scale}) - ${margin} - (px(35.0) /100.0 * ${preferred_scale}) - ${margin} - (px(35.0) /100.0 * ${preferred_scale}) - ${margin}",
          "height": 35.0,
          "isDynamicBtn": false,
          "isHideable": true,
          "isSwipeable": false,
          "isToggle": false,
          "keycodes": [
            284,
            0,
            0,
            0
          ],
          "name": "||",
          "opacity": 1.0,
          "passThruEnabled": false,
          "strokeColor": -1,
          "strokeWidth": 0.0,
          "width": 50.0
        },
        {
          "bgColor": 1291845632,
          "cornerRadius": 0.0,
          "displayInGame": true,
          "displayInMenu": true,
          "dynamicX": "0.2321852 * ${screen_width} + (px(50.0) / 100.0 * ${preferred_scale}) + ${margin} + (px(50.0) / 100.0 * ${preferred_scale}) + ${margin} - (px(50.0) / 100.0 * ${preferred_scale}) - ${margin} - (px(50.0) / 100.0 * ${preferred_scale}) - ${margin}",
          "dynamicY": "0.5949333 * ${screen_height} - (px(35.0) /100.0 * ${preferred_scale})",
          "height": 35.0,
          "isDynamicBtn": false,
          "isHideable": true,
          "isSwipeable": false,
          "isToggle": false,
          "keycodes": [
            290,
            0,
            0,
            0
          ],
          "name": "F1",
          "opacity": 1.0,
          "passThruEnabled": false,
          "strokeColor": -1,
          "strokeWidth": 0.0,
          "width": 50.0
        },
        {
          "bgColor": 1291845632,
          "cornerRadius": 0.0,
          "displayInGame": true,
          "displayInMenu": true,
          "dynamicX": "0.2321852 * ${screen_width} + (px(50.0) / 100.0 * ${preferred_scale}) + ${margin} + (px(50.0) / 100.0 * ${preferred_scale}) + ${margin} - (px(50.0) / 100.0 * ${preferred_scale}) - ${margin}",
          "dynamicY": "0.5949333 * ${screen_height} - (px(35.0) /100.0 * ${preferred_scale})",
          "height": 35.0,
          "isDynamicBtn": false,
          "isHideable": true,
          "isSwipeable": false,
          "isToggle": false,
          "keycodes": [
            291,
            0,
            0,
            0
          ],
          "name": "F2",
          "opacity": 1.0,
          "passThruEnabled": false,
          "strokeColor": -1,
          "strokeWidth": 0.0,
          "width": 50.0
        },
        {
          "bgColor": 1291845632,
          "cornerRadius": 0.0,
          "displayInGame": true,
          "displayInMenu": true,
          "dynamicX": "0.2321852 * ${screen_width} + (px(50.0) / 100.0 * ${preferred_scale}) + ${margin} + (px(50.0) / 100.0 * ${preferred_scale}) + ${margin}",
          "dynamicY": "0.5949333 * ${screen_height} - (px(35.0) /100.0 * ${preferred_scale})",
          "height": 35.0,
          "isDynamicBtn": false,
          "isHideable": true,
          "isSwipeable": false,
          "isToggle": false,
          "keycodes": [
            292,
            0,
            0,
            0
          ],
          "name": "F3",
          "opacity": 1.0,
          "passThruEnabled": false,
          "strokeColor": -1,
          "strokeWidth": 0.0,
          "width": 50.0
        },
        {
          "bgColor": 1291845632,
          "cornerRadius": 0.0,
          "displayInGame": true,
          "displayInMenu": true,
          "dynamicX": "0.2321852 * ${screen_width} + (px(50.0) / 100.0 * ${preferred_scale}) + ${margin} + (px(50.0) / 100.0 * ${preferred_scale}) + ${margin} + (px(50.0) / 100.0 * ${preferred_scale}) + ${margin} + (px(50.0) / 100.0 * ${preferred_scale}) + ${margin} + (px(50.0) / 100.0 * ${preferred_scale}) + ${margin}",
          "dynamicY": "0.5949333 * ${screen_height} - (px(35.0) /100.0 * ${preferred_scale}) + (px(35.0) /100.0 * ${preferred_scale}) + ${margin}",
          "height": 35.0,
          "isDynamicBtn": false,
          "isHideable": true,
          "isSwipeable": false,
          "isToggle": false,
          "keycodes": [
            300,
            0,
            0,
            0
          ],
          "name": "F11",
          "opacity": 1.0,
          "passThruEnabled": false,
          "strokeColor": -1,
          "strokeWidth": 0.0,
          "width": 50.0
        },
        {
          "bgColor": 1291845632,
          "cornerRadius": 0.0,
          "displayInGame": true,
          "displayInMenu": true,
          "dynamicX": "0.2321852 * ${screen_width} + (px(50.0) / 100.0 * ${preferred_scale}) + ${margin} + (px(50.0) / 100.0 * ${preferred_scale}) + ${margin} + (px(50.0) / 100.0 * ${preferred_scale}) + ${margin} + (px(50.0) / 100.0 * ${preferred_scale}) + ${margin} + (px(50.0) / 100.0 * ${preferred_scale}) + ${margin} + (px(50.0) / 100.0 * ${preferred_scale}) + ${margin}",
          "dynamicY": "0.5949333 * ${screen_height} - (px(35.0) /100.0 * ${preferred_scale}) + (px(35.0) /100.0 * ${preferred_scale}) + ${margin}",
          "height": 35.0,
          "isDynamicBtn": false,
          "isHideable": true,
          "isSwipeable": false,
          "isToggle": false,
          "keycodes": [
            301,
            0,
            0,
            0
          ],
          "name": "F12",
          "opacity": 1.0,
          "passThruEnabled": false,
          "strokeColor": -1,
          "strokeWidth": 0.0,
          "width": 50.0
        },
        {
          "bgColor": 1291845632,
          "cornerRadius": 0.0,
          "displayInGame": true,
          "displayInMenu": true,
          "dynamicX": "0.2321852 * ${screen_width} + (px(50.0) / 100.0 * ${preferred_scale}) + ${margin} + (px(50.0) / 100.0 * ${preferred_scale}) + ${margin} - (px(50.0) / 100.0 * ${preferred_scale}) - ${margin} - (px(50.0) / 100.0 * ${preferred_scale}) - ${margin} + (px(50.0) / 100.0 * ${preferred_scale}) + ${margin} + (px(50.0) / 100.0 * ${preferred_scale}) + ${margin}",
          "dynamicY": "0.5949333 * ${screen_height} - (px(35.0) /100.0 * ${preferred_scale}) + (px(35.0) /100.0 * ${preferred_scale}) + ${margin}",
          "height": 35.0,
          "isDynamicBtn": false,
          "isHideable": true,
          "isSwipeable": false,
          "isToggle": false,
          "keycodes": [
            298,
            0,
            0,
            0
          ],
          "name": "F9",
          "opacity": 1.0,
          "passThruEnabled": false,
          "strokeColor": -1,
          "strokeWidth": 0.0,
          "width": 50.0
        },
        {
          "bgColor": 1291845632,
          "cornerRadius": 0.0,
          "displayInGame": true,
          "displayInMenu": true,
          "dynamicX": "0.2321852 * ${screen_width} + (px(50.0) / 100.0 * ${preferred_scale}) + ${margin} + (px(50.0) / 100.0 * ${preferred_scale}) + ${margin} + (px(50.0) / 100.0 * ${preferred_scale}) + ${margin} + (px(50.0) / 100.0 * ${preferred_scale}) + ${margin} + (px(50.0) / 100.0 * ${preferred_scale}) + ${margin}",
          "dynamicY": "0.5949333 * ${screen_height} - (px(35.0) /100.0 * ${preferred_scale})",
          "height": 35.0,
          "isDynamicBtn": false,
          "isHideable": true,
          "isSwipeable": false,
          "isToggle": false,
          "keycodes": [
            294,
            0,
            0,
            0
          ],
          "name": "F5",
          "opacity": 1.0,
          "passThruEnabled": false,
          "strokeColor": -1,
          "strokeWidth": 0.0,
          "width": 50.0
        },
        {
          "bgColor": 1291845632,
          "cornerRadius": 0.0,
          "displayInGame": true,
          "displayInMenu": true,
          "dynamicX": "0.2321852 * ${screen_width} + (px(50.0) / 100.0 * ${preferred_scale}) + ${margin} + (px(50.0) / 100.0 * ${preferred_scale}) + ${margin} + (px(50.0) / 100.0 * ${preferred_scale}) + ${margin} + (px(50.0) / 100.0 * ${preferred_scale}) + ${margin} + (px(50.0) / 100.0 * ${preferred_scale}) + ${margin} + (px(50.0) / 100.0 * ${preferred_scale}) + ${margin}",
          "dynamicY": "0.5949333 * ${screen_height} - (px(35.0) /100.0 * ${preferred_scale})",
          "height": 35.0,
          "isDynamicBtn": false,
          "isHideable": true,
          "isSwipeable": false,
          "isToggle": false,
          "keycodes": [
            295,
            0,
            0,
            0
          ],
          "name": "F6",
          "opacity": 1.0,
          "passThruEnabled": false,
          "strokeColor": -1,
          "strokeWidth": 0.0,
          "width": 50.0
        },
        {
          "bgColor": 1291845632,
          "cornerRadius": 0.0,
          "displayInGame": true,
          "displayInMenu": true,
          "dynamicX": "0.2321852 * ${screen_width} + (px(50.0) / 100.0 * ${preferred_scale}) + ${margin} + (px(50.0) / 100.0 * ${preferred_scale}) + ${margin} - (px(50.0) / 100.0 * ${preferred_scale}) - ${margin} - (px(50.0) / 100.0 * ${preferred_scale}) - ${margin} + (px(50.0) / 100.0 * ${preferred_scale}) + ${margin}",
          "dynamicY": "0.5949333 * ${screen_height} - (px(35.0) /100.0 * ${preferred_scale}) + (px(35.0) /100.0 * ${preferred_scale}) + ${margin}",
          "height": 35.0,
          "isDynamicBtn": false,
          "isHideable": true,
          "isSwipeable": false,
          "isToggle": false,
          "keycodes": [
            297,
            0,
            0,
            0
          ],
          "name": "F8",
          "opacity": 1.0,
          "passThruEnabled": false,
          "strokeColor": -1,
          "strokeWidth": 0.0,
          "width": 50.0
        },
        {
          "bgColor": 1291845632,
          "cornerRadius": 0.0,
          "displayInGame": true,
          "displayInMenu": true,
          "dynamicX": "0.2321852 * ${screen_width} + (px(50.0) / 100.0 * ${preferred_scale}) + ${margin} + (px(50.0) / 100.0 * ${preferred_scale}) + ${margin} + (px(50.0) / 100.0 * ${preferred_scale}) + ${margin} + (px(50.0) / 100.0 * ${preferred_scale}) + ${margin}",
          "dynamicY": "0.5949333 * ${screen_height} - (px(35.0) /100.0 * ${preferred_scale}) + (px(35.0) /100.0 * ${preferred_scale}) + ${margin}",
          "height": 35.0,
          "isDynamicBtn": false,
          "isHideable": true,
          "isSwipeable": false,
          "isToggle": false,
          "keycodes": [
            299,
            0,
            0,
            0
          ],
          "name": "F10",
          "opacity": 1.0,
          "passThruEnabled": false,
          "strokeColor": -1,
          "strokeWidth": 0.0,
          "width": 50.0
        },
        {
          "bgColor": 1291845632,
          "cornerRadius": 0.0,
          "displayInGame": true,
          "displayInMenu": true,
          "dynamicX": "0.2321852 * ${screen_width} + (px(50.0) / 100.0 * ${preferred_scale}) + ${margin} + (px(50.0) / 100.0 * ${preferred_scale}) + ${margin} - (px(50.0) / 100.0 * ${preferred_scale}) - ${margin} - ${width} - ${margin}",
          "dynamicY": "0.5949333 * ${screen_height} - (px(35.0) /100.0 * ${preferred_scale}) + (px(35.0) /100.0 * ${preferred_scale}) + ${margin}",
          "height": 35.0,
          "isDynamicBtn": false,
          "isHideable": true,
          "isSwipeable": false,
          "isToggle": false,
          "keycodes": [
            296,
            0,
            0,
            0
          ],
          "name": "F7",
          "opacity": 1.0,
          "passThruEnabled": false,
          "strokeColor": -1,
          "strokeWidth": 0.0,
          "width": 50.0
        },
        {
          "bgColor": 1291845632,
          "cornerRadius": 0.0,
          "displayInGame": true,
          "displayInMenu": true,
          "dynamicX": "0.2321852 * ${screen_width} + (px(50.0) / 100.0 * ${preferred_scale}) + ${margin} + (px(50.0) / 100.0 * ${preferred_scale}) + ${margin} + (px(50.0) / 100.0 * ${preferred_scale}) + ${margin} + (px(50.0) / 100.0 * ${preferred_scale}) + ${margin}",
          "dynamicY": "0.5949333 * ${screen_height} - (px(35.0) /100.0 * ${preferred_scale}) + (px(35.0) /100.0 * ${preferred_scale}) + ${margin} - ${height} - ${margin}",
          "height": 35.0,
          "isDynamicBtn": false,
          "isHideable": true,
          "isSwipeable": false,
          "isToggle": false,
          "keycodes": [
            293,
            0,
            0,
            0
          ],
          "name": "F4",
          "opacity": 1.0,
          "passThruEnabled": false,
          "strokeColor": -1,
          "strokeWidth": 0.0,
          "width": 50.0
        },
        {
          "bgColor": 1291845632,
          "cornerRadius": 0.0,
          "displayInGame": true,
          "displayInMenu": true,
          "dynamicX": "0.904669 * ${screen_width} - (px(50.0) / 100.0 * ${preferred_scale}) - ${width} - ${margin}",
          "dynamicY": "0.18333334 * ${screen_height} - (px(30.0) /100.0 * ${preferred_scale}) - ${margin} + (px(50.0) /100.0 * ${preferred_scale}) + ${margin}",
          "height": 35.0,
          "isDynamicBtn": false,
          "isHideable": true,
          "isSwipeable": false,
          "isToggle": false,
          "keycodes": [
            -6,
            0,
            0,
            0
          ],
          "name": "-+-",
          "opacity": 1.0,
          "passThruEnabled": false,
          "strokeColor": -1,
          "strokeWidth": 0.0,
          "width": 50.0
        }
      ],
      "orientation": "FREE",
      "properties": {
        "bgColor": 1291845632,
        "cornerRadius": 0.0,
        "displayInGame": true,
        "displayInMenu": true,
        "dynamicX": "0.22170353 * ${screen_width}",
        "dynamicY": "0.002080438 * ${screen_height}",
        "height": 35.0,
        "isDynamicBtn": false,
        "isHideable": true,
        "isSwipeable": false,
        "isToggle": false,
        "keycodes": [
          0,
          0,
          0,
          0
        ],
        "name": "PANEL",
        "opacity": 0.3,
        "passThruEnabled": false,
        "strokeColor": -1,
        "strokeWidth": 0.0,
        "width": 50.0
      }
    },
    {
      "buttonProperties": [
        {
          "bgColor": 1291845632,
          "cornerRadius": 0.0,
          "displayInGame": true,
          "displayInMenu": true,
          "dynamicX": "0.82496774 * ${screen_width} - (px(50.0) / 100.0 * ${preferred_scale}) + (px(50.0) / 100.0 * ${preferred_scale}) + ${margin}",
          "dynamicY": "0.18333334 * ${screen_height} - (px(30.0) /100.0 * ${preferred_scale}) - ${margin} - ${height} - ${margin}",
          "height": 30.000002,
          "isDynamicBtn": false,
          "isHideable": true,
          "isSwipeable": false,
          "isToggle": false,
          "keycodes": [
            342,
            72,
            0,
            0
          ],
          "name": "HID",
          "opacity": 1.0,
          "passThruEnabled": false,
          "strokeColor": -1,
          "strokeWidth": 0.0,
          "width": 50.0
        },
        {
          "bgColor": 1291845632,
          "cornerRadius": 0.0,
          "displayInGame": true,
          "displayInMenu": true,
          "dynamicX": "0.82496774 * ${screen_width} - ${width}",
          "dynamicY": "0.18333334 * ${screen_height}",
          "height": 30.000002,
          "isDynamicBtn": false,
          "isHideable": true,
          "isSwipeable": false,
          "isToggle": false,
          "keycodes": [
            342,
            85,
            0,
            0
          ],
          "name": "USE",
          "opacity": 1.0,
          "passThruEnabled": false,
          "strokeColor": -1,
          "strokeWidth": 0.0,
          "width": 50.0
        },
        {
          "bgColor": 1291845632,
          "cornerRadius": 0.0,
          "displayInGame": true,
          "displayInMenu": true,
          "dynamicX": "0.82496774 * ${screen_width} - (px(50.0) / 100.0 * ${preferred_scale}) + (px(50.0) / 100.0 * ${preferred_scale}) + ${margin} - ${width} - ${margin}",
          "dynamicY": "0.18333334 * ${screen_height} - (px(30.0) /100.0 * ${preferred_scale}) - ${margin}",
          "height": 30.000002,
          "isDynamicBtn": false,
          "isHideable": true,
          "isSwipeable": false,
          "isToggle": false,
          "keycodes": [
            342,
            82,
            0,
            0
          ],
          "name": "REP",
          "opacity": 1.0,
          "passThruEnabled": false,
          "strokeColor": -1,
          "strokeWidth": 0.0,
          "width": 50.0
        },
        {
          "bgColor": 1291845632,
          "cornerRadius": 0.0,
          "displayInGame": true,
          "displayInMenu": true,
          "dynamicX": "0.82496774 * ${screen_width} - (px(50.0) / 100.0 * ${preferred_scale}) + (px(50.0) / 100.0 * ${preferred_scale}) + ${margin}",
          "dynamicY": "0.18333334 * ${screen_height} - (px(30.0) /100.0 * ${preferred_scale}) - ${margin} + (px(30.0) /100.0 * ${preferred_scale}) + ${margin}",
          "height": 30.000002,
          "isDynamicBtn": false,
          "isHideable": true,
          "isSwipeable": false,
          "isToggle": false,
          "keycodes": [
            342,
            66,
            0,
            0
          ],
          "name": "BACK",
          "opacity": 1.0,
          "passThruEnabled": false,
          "strokeColor": -1,
          "strokeWidth": 0.0,
          "width": 50.0
        },
        {
          "bgColor": 1291845632,
          "cornerRadius": 0.0,
          "displayInGame": true,
          "displayInMenu": true,
          "dynamicX": "0.82496774 * ${screen_width} - (px(50.0) / 100.0 * ${preferred_scale}) - (px(50.0) / 100.0 * ${preferred_scale}) - ${margin}",
          "dynamicY": "0.18333334 * ${screen_height} - ${height} - ${margin}",
          "height": 30.000002,
          "isDynamicBtn": false,
          "isHideable": true,
          "isSwipeable": false,
          "isToggle": false,
          "keycodes": [
            342,
            44,
            0,
            0
          ],
          "name": "RB",
          "opacity": 1.0,
          "passThruEnabled": false,
          "strokeColor": -1,
          "strokeWidth": 0.0,
          "width": 50.0
        },
        {
          "bgColor": 1291845632,
          "cornerRadius": 0.0,
          "displayInGame": true,
          "displayInMenu": true,
          "dynamicX": "0.82496774 * ${screen_width} - (px(50.0) / 100.0 * ${preferred_scale}) - (px(50.0) / 100.0 * ${preferred_scale}) - ${margin}",
          "dynamicY": "0.18333334 * ${screen_height} - (px(30.0) /100.0 * ${preferred_scale}) - ${margin} + (px(30.0) /100.0 * ${preferred_scale}) + ${margin}",
          "height": 30.000002,
          "isDynamicBtn": false,
          "isHideable": true,
          "isSwipeable": false,
          "isToggle": false,
          "keycodes": [
            342,
            46,
            0,
            0
          ],
          "name": "PR",
          "opacity": 1.0,
          "passThruEnabled": false,
          "strokeColor": -1,
          "strokeWidth": 0.0,
          "width": 50.0
        },
        {
          "bgColor": 1291845632,
          "cornerRadius": 0.0,
          "displayInGame": true,
          "displayInMenu": true,
          "dynamicX": "0.82496774 * ${screen_width} - (px(50.0) / 100.0 * ${preferred_scale}) + (px(50.0) / 100.0 * ${preferred_scale}) + ${margin}",
          "dynamicY": "0.18333334 * ${screen_height} - ${height} - ${margin}",
          "height": 30.000002,
          "isDynamicBtn": false,
          "isHideable": true,
          "isSwipeable": false,
          "isToggle": false,
          "keycodes": [
            342,
            65,
            0,
            0
          ],
          "name": "LK",
          "opacity": 1.0,
          "passThruEnabled": false,
          "strokeColor": -1,
          "strokeWidth": 0.0,
          "width": 50.0
        }
      ],
      "orientation": "FREE",
      "properties": {
        "bgColor": 1291845632,
        "cornerRadius": 0.0,
        "displayInGame": false,
        "displayInMenu": true,
        "dynamicX": "0.82496774 * ${screen_width} - ${width}",
        "dynamicY": "${margin} + (px(30.0) /100.0 * ${preferred_scale}) + ${margin} - ${height} - ${margin}",
        "height": 30.0,
        "isDynamicBtn": false,
        "isHideable": true,
        "isSwipeable": false,
        "isToggle": false,
        "keycodes": [
          0,
          0,
          0,
          0
        ],
        "name": "JEI",
        "opacity": 0.5,
        "passThruEnabled": false,
        "strokeColor": -1,
        "strokeWidth": 0.0,
        "width": 50.0
      }
    }
  ],
  "mJoystickDataList": [],
  "scaledAt": 100.0,
  "version": 6
}