{"mControlDataList":[{"bgColor":1291845632,"cornerRadius":0,"displayInGame":true,"displayInMenu":false,"dynamicX":"0.02 * ${screen_width}","dynamicY":"${bottom} - 0.02 * ${screen_height} - 2 * ${height}","height":55,"width":55,"isDynamicBtn":false,"isHideable":true,"isSwipeable":true,"isToggle":false,"keycodes":[65,87,0,0],"name":"◸","opacity":1,"passThruEnabled":false,"strokeColor":-1,"strokeWidth":0},{"bgColor":1291845632,"cornerRadius":0,"displayInGame":true,"displayInMenu":false,"dynamicX":"0.02 * ${screen_width} + ${width}","dynamicY":"${bottom} - 0.02 * ${screen_height} - 2 * ${height}","height":55,"width":55,"isDynamicBtn":false,"isHideable":true,"isSwipeable":true,"isToggle":false,"keycodes":[87,0,0,0],"name":"△","opacity":1,"passThruEnabled":false,"strokeColor":-1,"strokeWidth":0},{"bgColor":1291845632,"cornerRadius":0,"displayInGame":true,"displayInMenu":false,"dynamicX":"0.02 * ${screen_width} + 2 * ${width}","dynamicY":"${bottom} - 0.02 * ${screen_height} - 2 * ${height}","height":55,"isDynamicBtn":false,"isHideable":true,"isSwipeable":true,"isToggle":false,"keycodes":[87,68,0,0],"name":"◹","opacity":1,"passThruEnabled":false,"strokeColor":-1,"strokeWidth":0,"width":55},{"bgColor":1291845632,"cornerRadius":0,"displayInGame":true,"displayInMenu":false,"dynamicX":"0.02 * ${screen_width}","dynamicY":"${bottom} - 0.02 * ${screen_height} - ${height}","height":55,"isDynamicBtn":false,"isHideable":true,"isSwipeable":true,"isToggle":false,"keycodes":[65,0,0,0],"name":"◁","opacity":1,"passThruEnabled":false,"strokeColor":-1,"strokeWidth":0,"width":55},{"bgColor":1291845632,"cornerRadius":0,"displayInGame":true,"displayInMenu":false,"dynamicX":"0.02 * ${screen_width} + ${width}","dynamicY":"${bottom} - 0.02 * ${screen_height} - ${height}","height":55,"isDynamicBtn":false,"isHideable":true,"isSwipeable":true,"isToggle":false,"keycodes":[87,32,0,0],"name":"","opacity":0,"passThruEnabled":false,"strokeColor":-1,"strokeWidth":0,"width":55},{"bgColor":1291845632,"cornerRadius":0,"displayInGame":true,"displayInMenu":false,"dynamicX":"0.02 * ${screen_width} + ${width}","dynamicY":"${bottom} - 0.02 * ${screen_height} - ${height}","height":55,"isDynamicBtn":false,"isHideable":true,"isSwipeable":true,"isToggle":false,"keycodes":[32,0,0,0],"name":"▣","opacity":1,"passThruEnabled":false,"strokeColor":-1,"strokeWidth":0,"width":55},{"bgColor":1291845632,"cornerRadius":0,"displayInGame":true,"displayInMenu":false,"dynamicX":"0.02 * ${screen_width} + 2 * ${width}","dynamicY":"${bottom} - 0.02 * ${screen_height} - ${height}","height":55,"isDynamicBtn":false,"isHideable":true,"isSwipeable":true,"isToggle":false,"keycodes":[68,0,0,0],"name":"▷","opacity":1,"passThruEnabled":false,"strokeColor":-1,"strokeWidth":0,"width":55},{"bgColor":1291845632,"cornerRadius":0,"displayInGame":true,"displayInMenu":false,"dynamicX":"0.02 * ${screen_width}","dynamicY":"${bottom} - 0.02 * ${screen_height}","height":55,"isDynamicBtn":false,"isHideable":true,"isSwipeable":true,"isToggle":false,"keycodes":[83,65,0,0],"name":"◺","opacity":1,"passThruEnabled":false,"strokeColor":-1,"strokeWidth":0,"width":55},{"bgColor":1291845632,"cornerRadius":0,"displayInGame":true,"displayInMenu":false,"dynamicX":"0.02 * ${screen_width} + ${width}","dynamicY":"${bottom} - 0.02 * ${screen_height}","height":55,"isDynamicBtn":false,"isHideable":true,"isSwipeable":true,"isToggle":false,"keycodes":[83,0,0,0],"name":"▽","opacity":1,"passThruEnabled":false,"strokeColor":-1,"strokeWidth":0,"width":55},{"bgColor":1291845632,"cornerRadius":0,"displayInGame":true,"displayInMenu":false,"dynamicX":"0.02 * ${screen_width} + 2 * ${width}","dynamicY":"${bottom} - 0.02 * ${screen_height}","height":55,"isDynamicBtn":false,"isHideable":true,"isSwipeable":true,"isToggle":false,"keycodes":[68,83,0,0],"name":"◿","opacity":1,"passThruEnabled":false,"strokeColor":-1,"strokeWidth":0,"width":55},{"bgColor":1291845632,"cornerRadius":0,"displayInGame":true,"displayInMenu":false,"dynamicX":"${right} - 0.04 * ${screen_width}","dynamicY":"${bottom} - 0.02 * ${screen_height} - ${height}","height":55,"width":55,"passThruEnabled":true,"isHideable":true,"isSwipeable":false,"isToggle":false,"keycodes":[340,0,0,0],"name":"◌","opacity":1,"strokeColor":-1,"strokeWidth":0,"isDynamicBtn":false},{"bgColor":1291845632,"cornerRadius":0,"displayInGame":true,"displayInMenu":false,"dynamicX":"${right} - 0.04 * ${screen_width}","dynamicY":"(1 - 0.02) * ${screen_height} - px(55) / 100 * ${preferred_scale} + ${margin}","height":20,"width":55,"passThruEnabled":false,"isHideable":true,"isSwipeable":false,"isToggle":true,"keycodes":[340,0,0,0],"name":"","opacity":1,"strokeColor":-1,"strokeWidth":0,"isDynamicBtn":false},{"bgColor":1291845632,"cornerRadius":0,"displayInGame":true,"displayInMenu":false,"dynamicX":"${right} - 0.08 * ${screen_width}","dynamicY":"0.58 * ${screen_height} - ${width} / 2","height":30,"width":30,"passThruEnabled":false,"isHideable":true,"isSwipeable":false,"isToggle":false,"keycodes":[32,0,0,0],"name":"⬛","opacity":1,"strokeColor":-1,"strokeWidth":0,"isDynamicBtn":false},{"bgColor":1291845632,"cornerRadius":0,"displayInGame":true,"displayInMenu":false,"dynamicX":"0.02 * ${screen_width}","dynamicY":"${bottom} - 0.02 * ${screen_height}","height":55,"isDynamicBtn":false,"isHideable":true,"isSwipeable":false,"isToggle":false,"keycodes":[70,0,0,0],"name":"FS","opacity":1,"passThruEnabled":false,"strokeColor":-1,"strokeWidth":0,"width":55},{"bgColor":1291845632,"cornerRadius":0,"displayInGame":true,"displayInMenu":false,"dynamicX":"0.02 * ${screen_width} + 2 * ${width}","dynamicY":"${bottom} - 0.02 * ${screen_height}","height":55,"isDynamicBtn":false,"isHideable":true,"isSwipeable":false,"isToggle":false,"keycodes":[69,0,0,0],"name":"INV","opacity":1,"passThruEnabled":false,"strokeColor":-1,"strokeWidth":0,"width":55},{"bgColor":1308230912,"cornerRadius":0,"displayInGame":false,"displayInMenu":true,"dynamicX":"0.1072217 * ${screen_width} - ${width} - ${margin}","dynamicY":"0.36050537 * ${screen_height}","height":45,"isDynamicBtn":false,"isHideable":true,"isSwipeable":false,"isToggle":false,"keycodes":[-3,0,0,0],"name":"PRI","opacity":0.79,"passThruEnabled":false,"strokeColor":-1,"strokeWidth":0,"width":45},{"bgColor":1291890682,"cornerRadius":0,"displayInGame":false,"displayInMenu":true,"dynamicX":"0.1072217 * ${screen_width}","dynamicY":"0.36050537 * ${screen_height}","height":45,"isDynamicBtn":false,"isHideable":true,"isSwipeable":false,"isToggle":false,"keycodes":[-6,0,0,0],"name":"-|-","opacity":0.79,"passThruEnabled":false,"strokeColor":-1,"strokeWidth":0,"width":45},{"bgColor":1293673788,"cornerRadius":0,"displayInGame":false,"displayInMenu":true,"dynamicX":"0.1072217 * ${screen_width} + (px(45.0) / 100.0 * ${preferred_scale}) + ${margin}","dynamicY":"0.36050537 * ${screen_height}","height":45,"isDynamicBtn":false,"isHideable":true,"isSwipeable":false,"isToggle":false,"keycodes":[-4,0,0,0],"name":"SEC","opacity":0.8,"passThruEnabled":false,"strokeColor":-1,"strokeWidth":0,"width":45},{"bgColor":1300334307,"cornerRadius":0,"displayInGame":false,"displayInMenu":true,"dynamicX":"0.09560525 * ${screen_width}","dynamicY":"0.36050537 * ${screen_height} + (px(45.0) /100.0 * ${preferred_scale}) + ${margin} + (px(60.0) /100.0 * ${preferred_scale}) + ${margin}","height":60,"isDynamicBtn":false,"isHideable":true,"isSwipeable":false,"isToggle":false,"keycodes":[341,0,0,0],"name":"CTRL","opacity":1,"passThruEnabled":false,"strokeColor":-8384239,"strokeWidth":0,"width":65},{"bgColor":1300334307,"cornerRadius":0,"displayInGame":false,"displayInMenu":true,"dynamicX":"0.09560525 * ${screen_width}","dynamicY":"0.36050537 * ${screen_height} + (px(45.0) /100.0 * ${preferred_scale}) + ${margin}","height":60,"isDynamicBtn":false,"isHideable":true,"isSwipeable":false,"isToggle":false,"keycodes":[340,0,0,0],"name":"SHIFT","opacity":1,"passThruEnabled":false,"strokeColor":-8384239,"strokeWidth":0,"width":65},{"bgColor":16777215,"cornerRadius":0,"displayInGame":false,"displayInMenu":true,"dynamicX":"0.09560525 * ${screen_width} + (px(65.0) / 100.0 * ${preferred_scale}) + ${margin}","dynamicY":"0.36050537 * ${screen_height} + (px(45.0) /100.0 * ${preferred_scale}) + ${margin}","height":60,"isDynamicBtn":false,"isHideable":true,"isSwipeable":false,"isToggle":true,"keycodes":[340,0,0,0],"name":"+","opacity":1,"passThruEnabled":false,"strokeColor":-8384239,"strokeWidth":0,"width":35},{"bgColor":16777215,"cornerRadius":0,"displayInGame":false,"displayInMenu":true,"dynamicX":"0.09560525 * ${screen_width} + (px(65.0) / 100.0 * ${preferred_scale}) + ${margin}","dynamicY":"0.36050537 * ${screen_height} + (px(45.0) /100.0 * ${preferred_scale}) + ${margin} + (px(60.0) /100.0 * ${preferred_scale}) + ${margin}","height":60,"isDynamicBtn":false,"isHideable":true,"isSwipeable":false,"isToggle":true,"keycodes":[341,0,0,0],"name":"+","opacity":1,"passThruEnabled":false,"strokeColor":-8384239,"strokeWidth":0,"width":35},{"bgColor":1291845632,"cornerRadius":0,"displayInGame":true,"displayInMenu":false,"dynamicX":"0.9335514 * ${screen_width} - ${width}","dynamicY":"0.24584298 * ${screen_height}","height":45,"isDynamicBtn":false,"isHideable":true,"isSwipeable":false,"isToggle":false,"keycodes":[-4,0,0,0],"name":"SEC","opacity":1,"passThruEnabled":true,"strokeColor":-1,"strokeWidth":0,"width":45},{"bgColor":1291845632,"cornerRadius":0,"displayInGame":true,"displayInMenu":false,"dynamicX":"0.86315787 * ${screen_width} - ${width}","dynamicY":"0.3250809 * ${screen_height}","height":45,"isDynamicBtn":false,"isHideable":true,"isSwipeable":false,"isToggle":false,"keycodes":[-3,0,0,0],"name":"PRI","opacity":1,"passThruEnabled":true,"strokeColor":-1,"strokeWidth":0,"width":45},{"bgColor":1291845632,"cornerRadius":0,"displayInGame":true,"displayInMenu":false,"dynamicX":"0.9710268 * ${screen_width} - ${width}","dynamicY":"0.45 * ${screen_height} - ${height} / 2","height":45,"isDynamicBtn":false,"isHideable":true,"isSwipeable":false,"isToggle":false,"keycodes":[-6,0,0,0],"name":"=|=","opacity":1,"passThruEnabled":false,"strokeColor":-1,"strokeWidth":0,"width":45},{"bgColor":1291845632,"cornerRadius":0,"displayInGame":true,"displayInMenu":true,"dynamicX":"0.9227437 * ${screen_width} - (px(45.0) / 100.0 * ${preferred_scale}) - ${width} - ${margin}","dynamicY":"0.1 * ${screen_height}","height":45,"isDynamicBtn":false,"isHideable":true,"isSwipeable":false,"isToggle":false,"keycodes":[-8,0,0,0],"name":"<|-","opacity":1,"passThruEnabled":false,"strokeColor":-1,"strokeWidth":0,"width":45},{"bgColor":1291845632,"cornerRadius":0,"displayInGame":true,"displayInMenu":true,"dynamicX":"0.9227437 * ${screen_width} - ${width}","dynamicY":"0.1 * ${screen_height}","height":45,"isDynamicBtn":false,"isHideable":true,"isSwipeable":false,"isToggle":false,"keycodes":[-7,0,0,0],"name":"-|>","opacity":1,"passThruEnabled":false,"strokeColor":-1,"strokeWidth":0,"width":45},{"bgColor":1291845632,"cornerRadius":0,"displayInGame":true,"displayInMenu":false,"dynamicX":"0.181 * ${screen_width}","dynamicY":"${top}","name":"PLY","height":50,"width":50,"isDynamicBtn":false,"isHideable":true,"isSwipeable":false,"isToggle":true,"keycodes":[258,0,0,0],"opacity":1,"passThruEnabled":false,"strokeColor":-1,"strokeWidth":0},{"bgColor":1291845632,"cornerRadius":0,"displayInGame":true,"displayInMenu":false,"dynamicX":"0.181 * ${screen_width} + (${width} + ${margin})","dynamicY":"${top}","name":"CHAT","height":50,"width":50,"isDynamicBtn":false,"isHideable":true,"isSwipeable":false,"isToggle":false,"keycodes":[84,0,0,0],"opacity":1,"passThruEnabled":false,"strokeColor":-1,"strokeWidth":0},{"bgColor":1291845632,"cornerRadius":0,"displayInGame":false,"displayInMenu":true,"dynamicX":"0.181 * ${screen_width}","dynamicY":"${top}","name":"ESC","height":50,"width":100,"isDynamicBtn":false,"isHideable":true,"isSwipeable":false,"isToggle":false,"keycodes":[256,0,0,0],"opacity":1,"passThruEnabled":false,"strokeColor":-1,"strokeWidth":0},{"bgColor":1291845632,"cornerRadius":0,"displayInGame":true,"displayInMenu":false,"dynamicX":"0.181 * ${screen_width} + 2 * (${width} + ${margin})","dynamicY":"${top}","name":"ESC+","height":50,"width":50,"isDynamicBtn":false,"isHideable":true,"isSwipeable":false,"isToggle":false,"keycodes":[256,-9,0,0],"opacity":1,"passThruEnabled":false,"strokeColor":-1,"strokeWidth":0},{"bgColor":1291845632,"cornerRadius":0,"displayInGame":false,"displayInMenu":true,"dynamicX":"0.181 * ${screen_width} + 2 * (${width} + ${margin})","dynamicY":"${top}","name":"MENU","height":50,"width":50,"isDynamicBtn":false,"isHideable":true,"isSwipeable":false,"isToggle":false,"keycodes":[-9,0,0,0],"opacity":1,"passThruEnabled":false,"strokeColor":-1,"strokeWidth":0},{"bgColor":1291845632,"cornerRadius":0,"displayInGame":true,"displayInMenu":false,"dynamicX":"0.181 * ${screen_width} - ${width} - ${margin}","dynamicY":"${top}","name":"TALK","height":50,"width":50,"isDynamicBtn":false,"isHideable":true,"isSwipeable":false,"isToggle":false,"keycodes":[-1,84,0,0],"opacity":1,"passThruEnabled":false,"strokeColor":-1,"strokeWidth":0},{"bgColor":1291845632,"cornerRadius":0,"displayInGame":false,"displayInMenu":true,"dynamicX":"0.181 * ${screen_width} - ${width} - ${margin}","dynamicY":"${top}","name":"KB","height":50,"width":50,"isDynamicBtn":false,"isHideable":true,"isSwipeable":false,"isToggle":false,"keycodes":[-1,0,0,0],"opacity":1,"passThruEnabled":false,"strokeColor":-1,"strokeWidth":0},{"bgColor":1291845632,"cornerRadius":0,"displayInGame":true,"displayInMenu":true,"dynamicX":"${right} - ( 0.5 * ${screen_width} - ${width} / 2 - 4 * (${width} + ${margin}) - 0.5 * ${width} - ${width} )","dynamicY":"${bottom} + ${margin}","height":29.5,"width":29.5,"isDynamicBtn":false,"isHideable":true,"isSwipeable":false,"isToggle":false,"keycodes":[70,0,0,0],"name":"FS","opacity":1,"passThruEnabled":false,"strokeColor":-1,"strokeWidth":0},{"bgColor":1291845632,"cornerRadius":0,"displayInGame":false,"displayInMenu":true,"dynamicX":"0.5 * ${screen_width} - ${width} / 2 - 4 * (${width} + ${margin}) - 0.5 * ${width} - ${width}","dynamicY":"${bottom} + ${margin}","height":29.5,"width":29.5,"isDynamicBtn":false,"isHideable":true,"isSwipeable":false,"isToggle":false,"keycodes":[69,0,0,0],"name":"INV","opacity":1,"passThruEnabled":false,"strokeColor":-1,"strokeWidth":0},{"bgColor":1291845632,"cornerRadius":0,"displayInGame":false,"displayInMenu":true,"dynamicX":"0.5 * ${screen_width} - ${width} / 2 - 4 * (${width} + ${margin})","dynamicY":"${bottom} + ${margin}","height":29.5,"width":29.5,"isDynamicBtn":false,"isHideable":true,"isSwipeable":false,"isToggle":false,"keycodes":[49,0,0,0],"name":"1","opacity":1,"passThruEnabled":false,"strokeColor":-1,"strokeWidth":0},{"bgColor":1291845632,"cornerRadius":0,"displayInGame":false,"displayInMenu":true,"dynamicX":"0.5 * ${screen_width} - ${width} / 2 - 3 * (${width} + ${margin})","dynamicY":"${bottom} + ${margin}","height":29.5,"width":29.5,"isDynamicBtn":false,"isHideable":true,"isSwipeable":false,"isToggle":false,"keycodes":[50,0,0,0],"name":"2","opacity":1,"passThruEnabled":false,"strokeColor":-1,"strokeWidth":0},{"bgColor":1291845632,"cornerRadius":0,"displayInGame":false,"displayInMenu":true,"dynamicX":"0.5 * ${screen_width} - ${width} / 2 - 2 * (${width} + ${margin})","dynamicY":"${bottom} + ${margin}","height":29.5,"width":29.5,"isDynamicBtn":false,"isHideable":true,"isSwipeable":false,"isToggle":false,"keycodes":[51,0,0,0],"name":"3","opacity":1,"passThruEnabled":false,"strokeColor":-1,"strokeWidth":0},{"bgColor":1291845632,"cornerRadius":0,"displayInGame":false,"displayInMenu":true,"dynamicX":"0.5 * ${screen_width} - ${width} / 2 - 1 * (${width} + ${margin})","dynamicY":"${bottom} + ${margin}","height":29.5,"width":29.5,"isDynamicBtn":false,"isHideable":true,"isSwipeable":false,"isToggle":false,"keycodes":[52,0,0,0],"name":"4","opacity":1,"passThruEnabled":false,"strokeColor":-1,"strokeWidth":0},{"bgColor":1291845632,"cornerRadius":0,"displayInGame":false,"displayInMenu":true,"dynamicX":"0.5 * ${screen_width} - ${width} / 2 + 0 * (${width} + ${margin})","dynamicY":"${bottom} + ${margin}","height":29.5,"width":29.5,"isDynamicBtn":false,"isHideable":true,"isSwipeable":false,"isToggle":false,"keycodes":[53,0,0,0],"name":"5","opacity":1,"passThruEnabled":false,"strokeColor":-1,"strokeWidth":0},{"bgColor":1291845632,"cornerRadius":0,"displayInGame":false,"displayInMenu":true,"dynamicX":"0.5 * ${screen_width} - ${width} / 2 + 1 * (${width} + ${margin})","dynamicY":"${bottom} + ${margin}","height":29.5,"width":29.5,"isDynamicBtn":false,"isHideable":true,"isSwipeable":false,"isToggle":false,"keycodes":[54,0,0,0],"name":"6","opacity":1,"passThruEnabled":false,"strokeColor":-1,"strokeWidth":0},{"bgColor":1291845632,"cornerRadius":0,"displayInGame":false,"displayInMenu":true,"dynamicX":"0.5 * ${screen_width} - ${width} / 2 + 2 * (${width} + ${margin})","dynamicY":"${bottom} + ${margin}","height":29.5,"width":29.5,"isDynamicBtn":false,"isHideable":true,"isSwipeable":false,"isToggle":false,"keycodes":[55,0,0,0],"name":"7","opacity":1,"passThruEnabled":false,"strokeColor":-1,"strokeWidth":0},{"bgColor":1291845632,"cornerRadius":0,"displayInGame":false,"displayInMenu":true,"dynamicX":"0.5 * ${screen_width} - ${width} / 2 + 3 * (${width} + ${margin})","dynamicY":"${bottom} + ${margin}","height":29.5,"width":29.5,"isDynamicBtn":false,"isHideable":true,"isSwipeable":false,"isToggle":false,"keycodes":[56,0,0,0],"name":"8","opacity":1,"passThruEnabled":false,"strokeColor":-1,"strokeWidth":0},{"bgColor":1291845632,"cornerRadius":0,"displayInGame":false,"displayInMenu":true,"dynamicX":"0.5 * ${screen_width} - ${width} / 2 + 4 * (${width} + ${margin})","dynamicY":"${bottom} + ${margin}","height":29.5,"width":29.5,"isDynamicBtn":false,"isHideable":true,"isSwipeable":false,"isToggle":false,"keycodes":[57,0,0,0],"name":"9","opacity":1,"passThruEnabled":false,"strokeColor":-1,"strokeWidth":0},{"bgColor":1295854636,"cornerRadius":0,"displayInGame":false,"displayInMenu":true,"dynamicX":"1.0 * ${screen_width} - ${width}","dynamicY":"1.0 * ${screen_height} - ${height}","height":40,"isDynamicBtn":false,"isHideable":false,"isSwipeable":false,"isToggle":false,"keycodes":[257,0,0,0],"name":"Enter","opacity":1,"passThruEnabled":false,"strokeColor":-1,"strokeWidth":0,"width":60},{"bgColor":1291845632,"cornerRadius":0,"displayInGame":true,"displayInMenu":false,"dynamicX":"0.02 * ${screen_width}","dynamicY":"0.98 * ${screen_height} - 3 * px(55) / 100.0 * ${preferred_scale} - ${margin} - ${height}","height":45,"isDynamicBtn":false,"isHideable":true,"isSwipeable":false,"isToggle":true,"keycodes":[340,0,0,0],"name":"_\n↓","opacity":1,"passThruEnabled":true,"strokeColor":-1,"strokeWidth":0,"width":55},{"bgColor":1291845632,"cornerRadius":0,"displayInGame":true,"displayInMenu":false,"dynamicX":"${screen_width} * 0.02 + ${margin} + px(55) / 100 * ${preferred_scale}","dynamicY":"0.98 * ${screen_height} - 3 * px(55) / 100.0 * ${preferred_scale} - ${margin} - ${height}","height":45,"isDynamicBtn":false,"isHideable":true,"isSwipeable":false,"isToggle":false,"keycodes":[-4,0,0,0],"name":"SEC","opacity":0.8,"passThruEnabled":false,"strokeColor":-1,"strokeWidth":0,"width":45},{"bgColor":1291845632,"cornerRadius":0,"displayInGame":true,"displayInMenu":false,"dynamicX":"${screen_width} * 0.02 + ${margin} + px(55) / 100 * ${preferred_scale} + ${margin} + px(45) / 100 * ${preferred_scale}","dynamicY":"0.98 * ${screen_height} - 3 * px(55) / 100.0 * ${preferred_scale} - ${margin} - ${height}","height":45,"isDynamicBtn":false,"isHideable":true,"isSwipeable":false,"isToggle":false,"keycodes":[-3,0,0,0],"name":"PRI","opacity":0.79,"passThruEnabled":false,"strokeColor":-1,"strokeWidth":0,"width":45},{"bgColor":1296450878,"cornerRadius":0,"displayInGame":true,"displayInMenu":true,"dynamicX":"1.0 * ${screen_width} - ${width}","dynamicY":"0.0 * ${screen_height}","height":40,"isDynamicBtn":false,"isHideable":true,"isSwipeable":false,"isToggle":false,"keycodes":[-5,0,0,0],"name":"Mouse","opacity":1,"passThruEnabled":false,"strokeColor":-1,"strokeWidth":0,"width":60},{"bgColor":1306579275,"cornerRadius":0,"displayInGame":true,"displayInMenu":false,"dynamicX":"1.0 * ${screen_width} - (px(60.0) / 100.0 * ${preferred_scale}) - ${width} - ${margin}","dynamicY":"0.0 * ${screen_height}","height":40,"isDynamicBtn":false,"isHideable":true,"isSwipeable":false,"isToggle":false,"keycodes":[292,0,0,0],"name":"Debug","opacity":1,"passThruEnabled":false,"strokeColor":-1,"strokeWidth":0,"width":60},{"bgColor":1296622024,"cornerRadius":0,"displayInGame":true,"displayInMenu":false,"dynamicX":"1.0 * ${screen_width} - (px(60.0) / 100.0 * ${preferred_scale}) - (px(60.0) / 100.0 * ${preferred_scale}) - ${margin} - ${width} - ${margin}","dynamicY":"0.0 * ${screen_height}","height":40,"isDynamicBtn":false,"isHideable":true,"isSwipeable":false,"isToggle":false,"keycodes":[294,0,0,0],"name":"3rd","opacity":1,"passThruEnabled":false,"strokeColor":-1,"strokeWidth":0,"width":60},{"bgColor":1306579275,"cornerRadius":0,"displayInGame":false,"displayInMenu":true,"dynamicX":"1.0 * ${screen_width} - (px(60.0) / 100.0 * ${preferred_scale}) - (px(60.0) / 100.0 * ${preferred_scale}) - ${margin} - (px(60.0) / 100.0 * ${preferred_scale}) - ${margin} - ${width} - ${margin}","dynamicY":"0.0 * ${screen_height}","height":40,"isDynamicBtn":false,"isHideable":true,"isSwipeable":false,"isToggle":false,"keycodes":[-2,0,0,0],"name":"GUI","opacity":1,"passThruEnabled":false,"strokeColor":-1,"strokeWidth":0,"width":60},{"bgColor":1306579275,"cornerRadius":0,"displayInGame":true,"displayInMenu":false,"dynamicX":"1.0 * ${screen_width} - (px(60.0) / 100.0 * ${preferred_scale}) - (px(60.0) / 100.0 * ${preferred_scale}) - ${margin} - (px(60.0) / 100.0 * ${preferred_scale}) - ${margin} - ${width} - ${margin}","dynamicY":"0.0 * ${screen_height}","height":40,"isDynamicBtn":false,"isHideable":false,"isSwipeable":false,"isToggle":false,"keycodes":[-2,290,0,0],"name":"GUI","opacity":1,"passThruEnabled":false,"strokeColor":-1,"strokeWidth":0,"width":60}],"mDrawerDataList":[{"orientation":"FREE","properties":{"bgColor":1291845632,"cornerRadius":0,"displayInGame":true,"displayInMenu":true,"dynamicX":"0.181 * ${screen_width}","dynamicY":"px(50) / 100.0 * ${preferred_scale}","height":65,"width":90,"isDynamicBtn":false,"isHideable":true,"isSwipeable":false,"isToggle":false,"keycodes":[0,0,0,0],"name":"CHATMISC","opacity":1,"passThruEnabled":false,"strokeColor":-1,"strokeWidth":0},"buttonProperties":[{"bgColor":1291845632,"cornerRadius":0,"displayInGame":true,"displayInMenu":true,"dynamicX":"0.181 * ${screen_width} + 0 * (${margin} + px(90) / 100.0 * ${preferred_scale})","dynamicY":"px(50) / 100.0 * ${preferred_scale} + 1 * (${margin} + px(65) / 100.0 * ${preferred_scale})","height":65,"isDynamicBtn":false,"isHideable":true,"isSwipeable":false,"isToggle":false,"keycodes":[47,0,0,0],"name":"/","opacity":1,"passThruEnabled":false,"strokeColor":-1,"strokeWidth":0,"width":90},{"bgColor":1291845632,"cornerRadius":0,"displayInGame":true,"displayInMenu":true,"dynamicX":"0.181 * ${screen_width} + 1 * (${margin} + px(90) / 100.0 * ${preferred_scale}) + 0 * (${margin} + px(65) / 100.0 * ${preferred_scale})","dynamicY":"px(50) / 100.0 * ${preferred_scale} + 0 * (${margin} + px(65) / 100.0 * ${preferred_scale})","height":65,"isDynamicBtn":false,"isHideable":true,"isSwipeable":false,"isToggle":false,"keycodes":[258,0,0,0],"name":"TAB↓","opacity":1,"passThruEnabled":false,"strokeColor":-1,"strokeWidth":0,"width":65},{"bgColor":1291845632,"cornerRadius":0,"displayInGame":true,"displayInMenu":true,"dynamicX":"0.181 * ${screen_width} + 1 * (${margin} + px(90) / 100.0 * ${preferred_scale}) + 1 * (${margin} + px(65) / 100.0 * ${preferred_scale})","dynamicY":"px(50) / 100.0 * ${preferred_scale} + 0 * (${margin} + px(65) / 100.0 * ${preferred_scale})","height":65,"isDynamicBtn":false,"isHideable":true,"isSwipeable":false,"isToggle":false,"keycodes":[265,0,0,0],"name":"↑","opacity":1,"passThruEnabled":false,"strokeColor":-1,"strokeWidth":0,"width":65},{"bgColor":1291845632,"cornerRadius":0,"displayInGame":true,"displayInMenu":true,"dynamicX":"0.181 * ${screen_width} + 1 * (${margin} + px(90) / 100.0 * ${preferred_scale}) + 2 * (${margin} + px(65) / 100.0 * ${preferred_scale})","dynamicY":"px(50) / 100.0 * ${preferred_scale} + 0 * (${margin} + px(65) / 100.0 * ${preferred_scale})","height":65,"isDynamicBtn":false,"isHideable":true,"isSwipeable":false,"isToggle":false,"keycodes":[340,258,0,0],"name":"TAB↑","opacity":1,"passThruEnabled":false,"strokeColor":-1,"strokeWidth":0,"width":65},{"bgColor":1291845632,"cornerRadius":0,"displayInGame":true,"displayInMenu":true,"dynamicX":"0.181 * ${screen_width} + 1 * (${margin} + px(90) / 100.0 * ${preferred_scale}) + 3 * (${margin} + px(65) / 100.0 * ${preferred_scale})","dynamicY":"px(50) / 100.0 * ${preferred_scale} + 0 * (${margin} + px(65) / 100.0 * ${preferred_scale})","height":65,"isDynamicBtn":false,"isHideable":true,"isSwipeable":false,"isToggle":false,"keycodes":[269,0,0,0],"name":"→|","opacity":1,"passThruEnabled":false,"strokeColor":-1,"strokeWidth":0,"width":65},{"bgColor":1291845632,"cornerRadius":0,"displayInGame":true,"displayInMenu":true,"dynamicX":"0.181 * ${screen_width} + 1 * (${margin} + px(90) / 100.0 * ${preferred_scale}) + 0 * (${margin} + px(65) / 100.0 * ${preferred_scale})","dynamicY":"px(50) / 100.0 * ${preferred_scale} + 1 * (${margin} + px(65) / 100.0 * ${preferred_scale})","height":65,"isDynamicBtn":false,"isHideable":true,"isSwipeable":false,"isToggle":false,"keycodes":[263,0,0,0],"name":"←","opacity":1,"passThruEnabled":false,"strokeColor":-1,"strokeWidth":0,"width":65},{"bgColor":1291845632,"cornerRadius":0,"displayInGame":true,"displayInMenu":true,"dynamicX":"0.181 * ${screen_width} + 1 * (${margin} + px(90) / 100.0 * ${preferred_scale}) + 1 * (${margin} + px(65) / 100.0 * ${preferred_scale})","dynamicY":"px(50) / 100.0 * ${preferred_scale} + 1 * (${margin} + px(65) / 100.0 * ${preferred_scale})","height":65,"isDynamicBtn":false,"isHideable":true,"isSwipeable":false,"isToggle":false,"keycodes":[264,0,0,0],"name":"↓","opacity":1,"passThruEnabled":false,"strokeColor":-1,"strokeWidth":0,"width":65},{"bgColor":1291845632,"cornerRadius":0,"displayInGame":true,"displayInMenu":true,"dynamicX":"0.181 * ${screen_width} + 1 * (${margin} + px(90) / 100.0 * ${preferred_scale}) + 2 * (${margin} + px(65) / 100.0 * ${preferred_scale})","dynamicY":"px(50) / 100.0 * ${preferred_scale} + 1 * (${margin} + px(65) / 100.0 * ${preferred_scale})","height":65,"isDynamicBtn":false,"isHideable":true,"isSwipeable":false,"isToggle":false,"keycodes":[262,0,0,0],"name":"→","opacity":1,"passThruEnabled":false,"strokeColor":-1,"strokeWidth":0,"width":65},{"bgColor":1291845632,"cornerRadius":0,"displayInGame":true,"displayInMenu":true,"dynamicX":"0.181 * ${screen_width} + 1 * (${margin} + px(90) / 100.0 * ${preferred_scale}) + 3 * (${margin} + px(65) / 100.0 * ${preferred_scale})","dynamicY":"px(50) / 100.0 * ${preferred_scale} + 1 * (${margin} + px(65) / 100.0 * ${preferred_scale})","height":65,"isDynamicBtn":false,"isHideable":true,"isSwipeable":false,"isToggle":false,"keycodes":[268,0,0,0],"name":"|←","opacity":1,"passThruEnabled":false,"strokeColor":-1,"strokeWidth":0,"width":65}]},{"buttonProperties":[{"bgColor":1291845632,"cornerRadius":0,"displayInGame":true,"displayInMenu":true,"dynamicX":"0.7 * ${screen_width} + ${width} + ${margin}","dynamicY":"${bottom} - (${height} + ${margin})","height":30,"isDynamicBtn":false,"isHideable":true,"isSwipeable":false,"isToggle":false,"keycodes":[342,72,0,0],"name":"HID","opacity":1,"passThruEnabled":false,"strokeColor":-1,"strokeWidth":0,"width":50},{"bgColor":1291845632,"cornerRadius":0,"displayInGame":true,"displayInMenu":true,"dynamicX":"0.7 * ${screen_width}","dynamicY":"${bottom} - (${height} + ${margin})","height":30,"isDynamicBtn":false,"isHideable":true,"isSwipeable":false,"isToggle":false,"keycodes":[342,85,0,0],"name":"USE","opacity":1,"passThruEnabled":false,"strokeColor":-1,"strokeWidth":0,"width":50},{"bgColor":1291845632,"cornerRadius":0,"displayInGame":true,"displayInMenu":true,"dynamicX":"0.7 * ${screen_width}","dynamicY":"${bottom} - 2 * (${height} + ${margin})","height":30,"isDynamicBtn":false,"isHideable":true,"isSwipeable":false,"isToggle":false,"keycodes":[342,82,0,0],"name":"REP","opacity":1,"passThruEnabled":false,"strokeColor":-1,"strokeWidth":0,"width":50},{"bgColor":1291845632,"cornerRadius":0,"displayInGame":true,"displayInMenu":true,"dynamicX":"0.7 * ${screen_width} + 2 * (${width} + ${margin})","dynamicY":"${bottom} - (${height} + ${margin})","height":30,"isDynamicBtn":false,"isHideable":true,"isSwipeable":false,"isToggle":false,"keycodes":[342,66,0,0],"name":"BACK","opacity":1,"passThruEnabled":false,"strokeColor":-1,"strokeWidth":0,"width":50},{"bgColor":1291845632,"cornerRadius":0,"displayInGame":true,"displayInMenu":true,"dynamicX":"0.7 * ${screen_width} + ${width} + ${margin}","dynamicY":"${bottom}","height":30,"isDynamicBtn":false,"isHideable":true,"isSwipeable":false,"isToggle":false,"keycodes":[342,44,0,0],"name":"RB","opacity":1,"passThruEnabled":false,"strokeColor":-1,"strokeWidth":0,"width":50},{"bgColor":1291845632,"cornerRadius":0,"displayInGame":true,"displayInMenu":true,"dynamicX":"0.7 * ${screen_width} + 2 * (${width} + ${margin})","dynamicY":"${bottom}","height":30,"isDynamicBtn":false,"isHideable":true,"isSwipeable":false,"isToggle":false,"keycodes":[342,46,0,0],"name":"PR","opacity":1,"passThruEnabled":false,"strokeColor":-1,"strokeWidth":0,"width":50},{"bgColor":1291845632,"cornerRadius":0,"displayInGame":true,"displayInMenu":true,"dynamicX":"0.7 * ${screen_width} + ${width} + ${margin}","dynamicY":"${bottom} - 2 * (${height} + ${margin})","height":30,"isDynamicBtn":false,"isHideable":true,"isSwipeable":false,"isToggle":false,"keycodes":[342,65,0,0],"name":"LK","opacity":1,"passThruEnabled":false,"strokeColor":-1,"strokeWidth":0,"width":50}],"orientation":"FREE","properties":{"bgColor":1291845632,"cornerRadius":0,"displayInGame":false,"displayInMenu":true,"dynamicX":"0.7 * ${screen_width}","dynamicY":"${bottom}","height":30,"isDynamicBtn":false,"isHideable":true,"isSwipeable":false,"isToggle":false,"keycodes":[0,0,0,0],"name":"JEI","opacity":1,"passThruEnabled":false,"strokeColor":-1,"strokeWidth":0,"width":50}},{"orientation":"FREE","properties":{"bgColor":1294321970,"cornerRadius":0,"displayInGame":true,"displayInMenu":true,"dynamicX":"0.017 * ${screen_width}","dynamicY":"0.017 * ${screen_height}","height":35,"isDynamicBtn":false,"isHideable":true,"isSwipeable":false,"isToggle":false,"keycodes":[0,0,0,0],"name":"PANEL","opacity":1,"passThruEnabled":false,"strokeColor":-1,"strokeWidth":0,"width":50},"buttonProperties":[{"bgColor":1305226284,"cornerRadius":0,"displayInGame":true,"displayInMenu":true,"dynamicX":"0.017 * ${screen_width}","dynamicY":"0.017 * ${screen_height} + (${margin} + ${height})","height":35,"isDynamicBtn":false,"isHideable":true,"isSwipeable":false,"isToggle":false,"keycodes":[256,0,0,0],"name":"|<|","opacity":1,"passThruEnabled":false,"strokeColor":-1,"strokeWidth":0,"width":50},{"bgColor":1298519779,"cornerRadius":0,"displayInGame":true,"displayInMenu":true,"dynamicX":"0.017 * ${screen_width} + (${margin} + ${width})","dynamicY":"0.017 * ${screen_height} + (${margin} + ${height})","height":35,"isDynamicBtn":false,"isHideable":true,"isSwipeable":false,"isToggle":false,"keycodes":[284,0,0,0],"name":"||","opacity":1,"passThruEnabled":false,"strokeColor":-1,"strokeWidth":0,"width":50},{"bgColor":1291845632,"cornerRadius":0,"displayInGame":true,"displayInMenu":true,"dynamicX":"0.017 * ${screen_width}","dynamicY":"0.017 * ${screen_height} + 2 * (${margin} + ${height})","height":35,"isDynamicBtn":false,"isHideable":true,"isSwipeable":false,"isToggle":true,"keycodes":[341,0,0,0],"name":"CTRL","opacity":1,"passThruEnabled":false,"strokeColor":-1,"strokeWidth":0,"width":50},{"bgColor":1291845632,"cornerRadius":0,"displayInGame":true,"displayInMenu":true,"dynamicX":"0.017 * ${screen_width} + (${margin} + ${width})","dynamicY":"0.017 * ${screen_height} + 2 * (${margin} + ${height})","height":35,"isDynamicBtn":false,"isHideable":true,"isSwipeable":false,"isToggle":true,"keycodes":[342,0,0,0],"name":"ALT","opacity":1,"passThruEnabled":false,"strokeColor":-1,"strokeWidth":0,"width":50},{"bgColor":1291845632,"cornerRadius":0,"displayInGame":true,"displayInMenu":true,"dynamicX":"0.5 * ${screen_width} - ${width} / 2","dynamicY":"0.77 * ${screen_height} - ${height} / 2 + ${margin} / 2","height":70,"isDynamicBtn":false,"isHideable":true,"isSwipeable":false,"isToggle":false,"keycodes":[-6,0,0,0],"name":"-+-","opacity":1,"passThruEnabled":false,"strokeColor":-1,"strokeWidth":0,"width":31},{"bgColor":1291845632,"cornerRadius":0,"displayInGame":true,"displayInMenu":true,"dynamicX":"0.5 * ${screen_width} - (px(31) / 100 * ${preferred_scale} / 2 + 1 * (${width} + ${margin}))","dynamicY":"0.77 * ${screen_height} - (px(70) / 100 * ${preferred_scale} / 2 + 1 * (${height} + ${margin}))","height":35,"isDynamicBtn":false,"isHideable":true,"isSwipeable":false,"isToggle":true,"keycodes":[32,0,0,0],"name":"跳","opacity":1,"passThruEnabled":false,"strokeColor":-1,"strokeWidth":0,"width":50},{"bgColor":1291845632,"cornerRadius":0,"displayInGame":true,"displayInMenu":true,"dynamicX":"0.5 * ${screen_width} - (px(31) / 100 * ${preferred_scale} / 2 + 3 * (${width} + ${margin}))","dynamicY":"0.77 * ${screen_height} - (px(70) / 100 * ${preferred_scale} / 2 - 0 * (${height} + ${margin}))","height":35,"isDynamicBtn":false,"isHideable":true,"isSwipeable":false,"isToggle":false,"keycodes":[290,0,0,0],"name":"F1","opacity":1,"passThruEnabled":false,"strokeColor":-1,"strokeWidth":0,"width":50},{"bgColor":1291845632,"cornerRadius":0,"displayInGame":true,"displayInMenu":true,"dynamicX":"0.5 * ${screen_width} - (px(31) / 100 * ${preferred_scale} / 2 + 2 * (${width} + ${margin}))","dynamicY":"0.77 * ${screen_height} - (px(70) / 100 * ${preferred_scale} / 2 - 0 * (${height} + ${margin}))","height":35,"isDynamicBtn":false,"isHideable":true,"isSwipeable":false,"isToggle":false,"keycodes":[291,0,0,0],"name":"F2","opacity":1,"passThruEnabled":false,"strokeColor":-1,"strokeWidth":0,"width":50},{"bgColor":1291845632,"cornerRadius":0,"displayInGame":true,"displayInMenu":true,"dynamicX":"0.5 * ${screen_width} - (px(31) / 100 * ${preferred_scale} / 2 + 1 * (${width} + ${margin}))","dynamicY":"0.77 * ${screen_height} - (px(70) / 100 * ${preferred_scale} / 2 - 0 * (${height} + ${margin}))","height":35,"isDynamicBtn":false,"isHideable":true,"isSwipeable":false,"isToggle":false,"keycodes":[292,0,0,0],"name":"F3","opacity":1,"passThruEnabled":false,"strokeColor":-1,"strokeWidth":0,"width":50},{"bgColor":1291845632,"cornerRadius":0,"displayInGame":true,"displayInMenu":true,"dynamicX":"0.5 * ${screen_width} + (px(31) / 100 * ${preferred_scale} / 2 + ${margin} + 1 * (${margin} + ${width}))","dynamicY":"0.77 * ${screen_height} - (px(70) / 100 * ${preferred_scale} / 2 - 1 * (${height} + ${margin}))","height":35,"isDynamicBtn":false,"isHideable":true,"isSwipeable":false,"isToggle":false,"keycodes":[300,0,0,0],"name":"F11","opacity":1,"passThruEnabled":false,"strokeColor":-1,"strokeWidth":0,"width":50},{"bgColor":1291845632,"cornerRadius":0,"displayInGame":true,"displayInMenu":true,"dynamicX":"0.5 * ${screen_width} + (px(31) / 100 * ${preferred_scale} / 2 + ${margin} + 2 * (${margin} + ${width}))","dynamicY":"0.77 * ${screen_height} - (px(70) / 100 * ${preferred_scale} / 2 - 1 * (${height} + ${margin}))","height":35,"isDynamicBtn":false,"isHideable":true,"isSwipeable":false,"isToggle":false,"keycodes":[301,0,0,0],"name":"F12","opacity":1,"passThruEnabled":false,"strokeColor":-1,"strokeWidth":0,"width":50},{"bgColor":1291845632,"cornerRadius":0,"displayInGame":true,"displayInMenu":true,"dynamicX":"0.5 * ${screen_width} - (px(31) / 100 * ${preferred_scale} / 2 + 1 * (${width} + ${margin}))","dynamicY":"0.77 * ${screen_height} - (px(70) / 100 * ${preferred_scale} / 2 - 1 * (${height} + ${margin}))","height":35,"isDynamicBtn":false,"isHideable":true,"isSwipeable":false,"isToggle":false,"keycodes":[298,0,0,0],"name":"F9","opacity":1,"passThruEnabled":false,"strokeColor":-1,"strokeWidth":0,"width":50},{"bgColor":1291845632,"cornerRadius":0,"displayInGame":true,"displayInMenu":true,"dynamicX":"0.5 * ${screen_width} + (px(31) / 100 * ${preferred_scale} / 2 + ${margin} + 1 * (${margin} + ${width}))","dynamicY":"0.77 * ${screen_height} - (px(70) / 100 * ${preferred_scale} / 2 - 0 * (${height} + ${margin}))","height":35,"isDynamicBtn":false,"isHideable":true,"isSwipeable":false,"isToggle":false,"keycodes":[294,0,0,0],"name":"F5","opacity":1,"passThruEnabled":false,"strokeColor":-1,"strokeWidth":0,"width":50},{"bgColor":1291845632,"cornerRadius":0,"displayInGame":true,"displayInMenu":true,"dynamicX":"0.5 * ${screen_width} + (px(31) / 100 * ${preferred_scale} / 2 + ${margin} + 2 * (${margin} + ${width}))","dynamicY":"0.77 * ${screen_height} - (px(70) / 100 * ${preferred_scale} / 2 - 0 * (${height} + ${margin}))","height":35,"isDynamicBtn":false,"isHideable":true,"isSwipeable":false,"isToggle":false,"keycodes":[295,0,0,0],"name":"F6","opacity":1,"passThruEnabled":false,"strokeColor":-1,"strokeWidth":0,"width":50},{"bgColor":1291845632,"cornerRadius":0,"displayInGame":true,"displayInMenu":true,"dynamicX":"0.5 * ${screen_width} - (px(31) / 100 * ${preferred_scale} / 2 + 2 * (${width} + ${margin}))","dynamicY":"0.77 * ${screen_height} - (px(70) / 100 * ${preferred_scale} / 2 - 1 * (${height} + ${margin}))","height":35,"isDynamicBtn":false,"isHideable":true,"isSwipeable":false,"isToggle":false,"keycodes":[297,0,0,0],"name":"F8","opacity":1,"passThruEnabled":false,"strokeColor":-1,"strokeWidth":0,"width":50},{"bgColor":1291845632,"cornerRadius":0,"displayInGame":true,"displayInMenu":true,"dynamicX":"0.5 * ${screen_width} + (px(31) / 100 * ${preferred_scale} / 2 + ${margin} + 0 * (${margin} + ${width}))","dynamicY":"0.77 * ${screen_height} - (px(70) / 100 * ${preferred_scale} / 2 - 1 * (${height} + ${margin}))","height":35,"isDynamicBtn":false,"isHideable":true,"isSwipeable":false,"isToggle":false,"keycodes":[299,0,0,0],"name":"F10","opacity":1,"passThruEnabled":false,"strokeColor":-1,"strokeWidth":0,"width":50},{"bgColor":1291845632,"cornerRadius":0,"displayInGame":true,"displayInMenu":true,"dynamicX":"0.5 * ${screen_width} - (px(31) / 100 * ${preferred_scale} / 2 + 3 * (${width} + ${margin}))","dynamicY":"0.77 * ${screen_height} - (px(70) / 100 * ${preferred_scale} / 2 - 1 * (${height} + ${margin}))","height":35,"isDynamicBtn":false,"isHideable":true,"isSwipeable":false,"isToggle":false,"keycodes":[296,0,0,0],"name":"F7","opacity":1,"passThruEnabled":false,"strokeColor":-1,"strokeWidth":0,"width":50},{"bgColor":1291845632,"cornerRadius":0,"displayInGame":true,"displayInMenu":true,"dynamicX":"0.5 * ${screen_width} + (px(31) / 100 * ${preferred_scale} / 2 + ${margin} + 0 * (${margin} + ${width}))","dynamicY":"0.77 * ${screen_height} - (px(70) / 100 * ${preferred_scale} / 2 - 0 * (${height} + ${margin}))","height":35,"isDynamicBtn":false,"isHideable":true,"isSwipeable":false,"isToggle":false,"keycodes":[293,0,0,0],"name":"F4","opacity":1,"passThruEnabled":false,"strokeColor":-1,"strokeWidth":0,"width":50},{"bgColor":1291845632,"cornerRadius":0,"displayInGame":true,"displayInMenu":true,"dynamicX":"0.5 * ${screen_width} + (px(31) / 100 * ${preferred_scale} / 2 + ${margin} + 0 * (${margin} + ${width}))","dynamicY":"0.77 * ${screen_height} - (px(70) / 100 * ${preferred_scale} / 2 + 1 * (${height} + ${margin}))","height":35,"isDynamicBtn":false,"isHideable":true,"isSwipeable":false,"isToggle":false,"keycodes":[45,0,0,0],"name":"-","opacity":1,"passThruEnabled":false,"strokeColor":-1,"strokeWidth":0,"width":50},{"bgColor":1291845632,"cornerRadius":0,"displayInGame":true,"displayInMenu":true,"dynamicX":"0.5 * ${screen_width} + (px(31) / 100 * ${preferred_scale} / 2 + ${margin} + 1 * (${margin} + ${width}))","dynamicY":"0.77 * ${screen_height} - (px(70) / 100 * ${preferred_scale} / 2 + 1 * (${height} + ${margin}))","height":35,"isDynamicBtn":false,"isHideable":true,"isSwipeable":false,"isToggle":false,"keycodes":[61,0,0,0],"name":"=","opacity":1,"passThruEnabled":false,"strokeColor":-1,"strokeWidth":0,"width":50},{"bgColor":1291845632,"cornerRadius":0,"displayInGame":true,"displayInMenu":true,"dynamicX":"0.5 * ${screen_width} + (px(31) / 100 * ${preferred_scale} / 2 + ${margin} + 2 * (${margin} + ${width}))","dynamicY":"0.77 * ${screen_height} - (px(70) / 100 * ${preferred_scale} / 2 + 1 * (${height} + ${margin}))","height":35,"isDynamicBtn":false,"isHideable":true,"isSwipeable":false,"isToggle":false,"keycodes":[334,0,0,0],"name":"+","opacity":1,"passThruEnabled":false,"strokeColor":-1,"strokeWidth":0,"width":50},{"bgColor":1291845632,"cornerRadius":0,"displayInGame":true,"displayInMenu":true,"dynamicX":"0.5 * ${screen_width} + (px(31) / 100 * ${preferred_scale} / 2 + ${margin} + 3 * (${margin} + ${width}))","dynamicY":"0.77 * ${screen_height} - (px(70) / 100 * ${preferred_scale} / 2 + 1 * (${height} + ${margin}))","height":35,"isDynamicBtn":false,"isHideable":true,"isSwipeable":false,"isToggle":false,"keycodes":[96,0,0,0],"name":"↓","opacity":1,"passThruEnabled":false,"strokeColor":-1,"strokeWidth":0,"width":50}]},{"buttonProperties":[{"bgColor":1291845632,"cornerRadius":0,"displayInGame":true,"displayInMenu":true,"dynamicX":"1.0 * ${screen_width} - (px(50.0) / 100.0 * ${preferred_scale}) - ${width} - ${margin}","dynamicY":"0.102511965 * ${screen_height}","height":50,"isDynamicBtn":false,"isHideable":true,"isSwipeable":false,"isToggle":false,"keycodes":[80,0,0,0],"name":"P","opacity":1,"passThruEnabled":false,"strokeColor":-1,"strokeWidth":0,"width":50},{"bgColor":1291845632,"cornerRadius":0,"displayInGame":true,"displayInMenu":true,"dynamicX":"1.0 * ${screen_width} - (px(50.0) / 100.0 * ${preferred_scale}) - (px(50.0) / 100.0 * ${preferred_scale}) - ${margin} - (px(50.0) / 100.0 * ${preferred_scale}) - ${margin} - (px(50.0) / 100.0 * ${preferred_scale}) - ${margin}","dynamicY":"0.102511965 * ${screen_height} + (px(50.0) /100.0 * ${preferred_scale}) + ${margin}","height":50,"isDynamicBtn":false,"isHideable":true,"isSwipeable":false,"isToggle":false,"keycodes":[82,0,0,0],"name":"R","opacity":1,"passThruEnabled":true,"strokeColor":-1,"strokeWidth":0,"width":50},{"bgColor":1291845632,"cornerRadius":0,"displayInGame":true,"displayInMenu":true,"dynamicX":"1.0 * ${screen_width} - (px(50.0) / 100.0 * ${preferred_scale})","dynamicY":"0.102511965 * ${screen_height} + (px(50.0) /100.0 * ${preferred_scale}) + ${margin}","height":50,"isDynamicBtn":false,"isHideable":true,"isSwipeable":false,"isToggle":false,"keycodes":[77,0,0,0],"name":"M","opacity":1,"passThruEnabled":false,"strokeColor":-1,"strokeWidth":0,"width":50},{"bgColor":1291845632,"cornerRadius":0,"displayInGame":true,"displayInMenu":true,"dynamicX":"1.0 * ${screen_width} - (px(50.0) / 100.0 * ${preferred_scale}) - (px(50.0) / 100.0 * ${preferred_scale}) - ${margin} - (px(50.0) / 100.0 * ${preferred_scale}) - ${margin} - (px(50.0) / 100.0 * ${preferred_scale}) - ${margin} - ${width} - ${margin}","dynamicY":"0.102511965 * ${screen_height} + (px(50.0) /100.0 * ${preferred_scale}) + ${margin}","height":50,"isDynamicBtn":false,"isHideable":true,"isSwipeable":false,"isToggle":false,"keycodes":[67,0,0,0],"name":"C","opacity":1,"passThruEnabled":true,"strokeColor":-1,"strokeWidth":0,"width":50},{"bgColor":1291845632,"cornerRadius":0,"displayInGame":true,"displayInMenu":true,"dynamicX":"1.0 * ${screen_width} - (px(50.0) / 100.0 * ${preferred_scale}) - (px(50.0) / 100.0 * ${preferred_scale}) - ${margin} - (px(50.0) / 100.0 * ${preferred_scale}) - ${margin}","dynamicY":"0.102511965 * ${screen_height} + (px(50.0) /100.0 * ${preferred_scale}) + ${margin}","height":50,"isDynamicBtn":false,"isHideable":true,"isSwipeable":false,"isToggle":false,"keycodes":[74,0,0,0],"name":"J","opacity":1,"passThruEnabled":false,"strokeColor":-1,"strokeWidth":0,"width":50},{"bgColor":1291845632,"cornerRadius":0,"displayInGame":true,"displayInMenu":true,"dynamicX":"1.0 * ${screen_width} - (px(50.0) / 100.0 * ${preferred_scale}) - ${width} - ${margin}","dynamicY":"0.102511965 * ${screen_height} + (px(50.0) /100.0 * ${preferred_scale}) + ${margin}","height":50,"isDynamicBtn":false,"isHideable":true,"isSwipeable":false,"isToggle":false,"keycodes":[72,0,0,0],"name":"H","opacity":1,"passThruEnabled":true,"strokeColor":-1,"strokeWidth":0,"width":50},{"bgColor":1291845632,"cornerRadius":0,"displayInGame":true,"displayInMenu":true,"dynamicX":"1.0 * ${screen_width} - (px(50.0) / 100.0 * ${preferred_scale}) - (px(50.0) / 100.0 * ${preferred_scale}) - ${margin} - ${width} - ${margin}","dynamicY":"0.102511965 * ${screen_height}","height":50,"isDynamicBtn":false,"isHideable":true,"isSwipeable":false,"isToggle":false,"keycodes":[71,0,0,0],"name":"G","opacity":1,"passThruEnabled":false,"strokeColor":-1,"strokeWidth":0,"width":50},{"bgColor":1291845632,"cornerRadius":0,"displayInGame":true,"displayInMenu":true,"dynamicX":"(${screen_width} - (px(80.0) / 100.0 * ${preferred_scale})) + (px(80.0) / 100.0 * ${preferred_scale}) - (px(50.0) / 100.0 * ${preferred_scale}) - (px(50.0) / 100.0 * ${preferred_scale}) - ${margin} - (px(50.0) / 100.0 * ${preferred_scale}) - ${margin} - (px(50.0) / 100.0 * ${preferred_scale}) - ${margin} + (px(50.0) / 100.0 * ${preferred_scale}) + ${margin} - (px(50.0) / 100.0 * ${preferred_scale}) - ${margin} + (px(50.0) / 100.0 * ${preferred_scale}) + ${margin} + (px(50.0) / 100.0 * ${preferred_scale}) + ${margin} + (px(50.0) / 100.0 * ${preferred_scale}) + ${margin} - ${width} - ${margin}","dynamicY":"0.102511965 * ${screen_height} + (px(50.0) /100.0 * ${preferred_scale}) + ${margin} + (px(50.0) /100.0 * ${preferred_scale}) + ${margin}","height":50,"isDynamicBtn":false,"isHideable":true,"isSwipeable":false,"isToggle":false,"keycodes":[81,0,0,0],"name":"Q","opacity":1,"passThruEnabled":false,"strokeColor":-1,"strokeWidth":0,"width":50},{"bgColor":1291845632,"cornerRadius":0,"displayInGame":true,"displayInMenu":true,"dynamicX":"1.0 * ${screen_width} - (px(50.0) / 100.0 * ${preferred_scale}) - (px(50.0) / 100.0 * ${preferred_scale}) - ${margin} - (px(50.0) / 100.0 * ${preferred_scale}) - ${margin} - (px(50.0) / 100.0 * ${preferred_scale}) - ${margin}","dynamicY":"0.102511965 * ${screen_height} + (px(50.0) /100.0 * ${preferred_scale}) + ${margin} + (px(50.0) /100.0 * ${preferred_scale}) + ${margin}","height":50,"isDynamicBtn":false,"isHideable":true,"isSwipeable":false,"isToggle":false,"keycodes":[85,0,0,0],"name":"U","opacity":1,"passThruEnabled":true,"strokeColor":-1,"strokeWidth":0,"width":50},{"bgColor":1291845632,"cornerRadius":0,"displayInGame":true,"displayInMenu":true,"dynamicX":"1.0 * ${screen_width} - (px(50.0) / 100.0 * ${preferred_scale}) - (px(50.0) / 100.0 * ${preferred_scale}) - ${margin} - (px(50.0) / 100.0 * ${preferred_scale}) - ${margin} - ${width} - ${margin}","dynamicY":"0.102511965 * ${screen_height}","height":50,"isDynamicBtn":false,"isHideable":true,"isSwipeable":false,"isToggle":false,"keycodes":[86,0,0,0],"name":"V","opacity":1,"passThruEnabled":true,"strokeColor":-1,"strokeWidth":0,"width":50},{"bgColor":1291845632,"cornerRadius":0,"displayInGame":true,"displayInMenu":true,"dynamicX":"1.0 * ${screen_width} - (px(50.0) / 100.0 * ${preferred_scale}) - (px(50.0) / 100.0 * ${preferred_scale}) - ${margin} - (px(50.0) / 100.0 * ${preferred_scale}) - ${margin} - (px(50.0) / 100.0 * ${preferred_scale}) - ${margin} - ${width} - ${margin}","dynamicY":"0.102511965 * ${screen_height}","height":50,"isDynamicBtn":false,"isHideable":true,"isSwipeable":false,"isToggle":false,"keycodes":[75,0,0,0],"name":"K","opacity":1,"passThruEnabled":false,"strokeColor":-1,"strokeWidth":0,"width":50},{"bgColor":1291845632,"cornerRadius":0,"displayInGame":true,"displayInMenu":true,"dynamicX":"(${screen_width} - (px(80.0) / 100.0 * ${preferred_scale})) + (px(80.0) / 100.0 * ${preferred_scale}) - (px(50.0) / 100.0 * ${preferred_scale}) - (px(50.0) / 100.0 * ${preferred_scale}) - ${margin} - (px(50.0) / 100.0 * ${preferred_scale}) - ${margin} - (px(50.0) / 100.0 * ${preferred_scale}) - ${margin} + (px(50.0) / 100.0 * ${preferred_scale}) + ${margin} - (px(50.0) / 100.0 * ${preferred_scale}) - ${margin} + (px(50.0) / 100.0 * ${preferred_scale}) + ${margin} + (px(50.0) / 100.0 * ${preferred_scale}) + ${margin} + (px(50.0) / 100.0 * ${preferred_scale}) + ${margin} - (px(50.0) / 100.0 * ${preferred_scale}) - ${margin} - ${width} - ${margin}","dynamicY":"0.102511965 * ${screen_height} + (px(50.0) /100.0 * ${preferred_scale}) + ${margin} + (px(50.0) /100.0 * ${preferred_scale}) + ${margin}","height":50,"isDynamicBtn":false,"isHideable":true,"isSwipeable":false,"isToggle":false,"keycodes":[73,0,0,0],"name":"I","opacity":1,"passThruEnabled":false,"strokeColor":-1,"strokeWidth":0,"width":50},{"bgColor":1291845632,"cornerRadius":0,"displayInGame":true,"displayInMenu":true,"dynamicX":"(${screen_width} - (px(80.0) / 100.0 * ${preferred_scale})) + (px(80.0) / 100.0 * ${preferred_scale}) - (px(50.0) / 100.0 * ${preferred_scale}) - (px(50.0) / 100.0 * ${preferred_scale}) - ${margin} - (px(50.0) / 100.0 * ${preferred_scale}) - ${margin} - (px(50.0) / 100.0 * ${preferred_scale}) - ${margin} + (px(50.0) / 100.0 * ${preferred_scale}) + ${margin} - (px(50.0) / 100.0 * ${preferred_scale}) - ${margin} + (px(50.0) / 100.0 * ${preferred_scale}) + ${margin} + (px(50.0) / 100.0 * ${preferred_scale}) + ${margin} + (px(50.0) / 100.0 * ${preferred_scale}) + ${margin} - ${width} - ${margin}","dynamicY":"0.102511965 * ${screen_height} + (px(50.0) /100.0 * ${preferred_scale}) + ${margin} + (px(50.0) /100.0 * ${preferred_scale}) + ${margin} + (px(50.0) /100.0 * ${preferred_scale}) + ${margin}","height":50,"isDynamicBtn":false,"isHideable":true,"isSwipeable":false,"isToggle":false,"keycodes":[75,0,0,0],"name":"K","opacity":1,"passThruEnabled":false,"strokeColor":-1,"strokeWidth":0,"width":50},{"bgColor":1291845632,"cornerRadius":0,"displayInGame":true,"displayInMenu":true,"dynamicX":"(${screen_width} - (px(80.0) / 100.0 * ${preferred_scale})) + (px(80.0) / 100.0 * ${preferred_scale}) - (px(50.0) / 100.0 * ${preferred_scale}) - (px(50.0) / 100.0 * ${preferred_scale}) - ${margin} - (px(50.0) / 100.0 * ${preferred_scale}) - ${margin} - (px(50.0) / 100.0 * ${preferred_scale}) - ${margin} + (px(50.0) / 100.0 * ${preferred_scale}) + ${margin} - (px(50.0) / 100.0 * ${preferred_scale}) - ${margin} + (px(50.0) / 100.0 * ${preferred_scale}) + ${margin} + (px(50.0) / 100.0 * ${preferred_scale}) + ${margin} + (px(50.0) / 100.0 * ${preferred_scale}) + ${margin}","dynamicY":"0.102511965 * ${screen_height} + (px(50.0) /100.0 * ${preferred_scale}) + ${margin} + (px(50.0) /100.0 * ${preferred_scale}) + ${margin} + (px(50.0) /100.0 * ${preferred_scale}) + ${margin} + (px(50.0) /100.0 * ${preferred_scale}) + ${margin}","height":50,"isDynamicBtn":false,"isHideable":true,"isSwipeable":false,"isToggle":false,"keycodes":[66,0,0,0],"name":"B","opacity":1,"passThruEnabled":false,"strokeColor":-1,"strokeWidth":0,"width":50},{"bgColor":1291845632,"cornerRadius":0,"displayInGame":true,"displayInMenu":true,"dynamicX":"(${screen_width} - (px(80.0) / 100.0 * ${preferred_scale})) + (px(80.0) / 100.0 * ${preferred_scale}) - (px(50.0) / 100.0 * ${preferred_scale}) - (px(50.0) / 100.0 * ${preferred_scale}) - ${margin} - (px(50.0) / 100.0 * ${preferred_scale}) - ${margin} - (px(50.0) / 100.0 * ${preferred_scale}) - ${margin} + (px(50.0) / 100.0 * ${preferred_scale}) + ${margin} - (px(50.0) / 100.0 * ${preferred_scale}) - ${margin} + (px(50.0) / 100.0 * ${preferred_scale}) + ${margin} + (px(50.0) / 100.0 * ${preferred_scale}) + ${margin} + (px(50.0) / 100.0 * ${preferred_scale}) + ${margin}","dynamicY":"0.102511965 * ${screen_height} + (px(50.0) /100.0 * ${preferred_scale}) + ${margin} + (px(50.0) /100.0 * ${preferred_scale}) + ${margin}","height":50,"isDynamicBtn":false,"isHideable":true,"isSwipeable":false,"isToggle":false,"keycodes":[78,0,0,0],"name":"N","opacity":1,"passThruEnabled":false,"strokeColor":-1,"strokeWidth":0,"width":50},{"bgColor":1291845632,"cornerRadius":0,"displayInGame":true,"displayInMenu":true,"dynamicX":"(${screen_width} - (px(80.0) / 100.0 * ${preferred_scale})) + (px(80.0) / 100.0 * ${preferred_scale}) - (px(50.0) / 100.0 * ${preferred_scale}) - (px(50.0) / 100.0 * ${preferred_scale}) - ${margin} - (px(50.0) / 100.0 * ${preferred_scale}) - ${margin} - (px(50.0) / 100.0 * ${preferred_scale}) - ${margin} + (px(50.0) / 100.0 * ${preferred_scale}) + ${margin} - (px(50.0) / 100.0 * ${preferred_scale}) - ${margin} + (px(50.0) / 100.0 * ${preferred_scale}) + ${margin} + (px(50.0) / 100.0 * ${preferred_scale}) + ${margin} + (px(50.0) / 100.0 * ${preferred_scale}) + ${margin}","dynamicY":"0.102511965 * ${screen_height} + (px(50.0) /100.0 * ${preferred_scale}) + ${margin} + (px(50.0) /100.0 * ${preferred_scale}) + ${margin} + (px(50.0) /100.0 * ${preferred_scale}) + ${margin}","height":50,"isDynamicBtn":false,"isHideable":true,"isSwipeable":false,"isToggle":false,"keycodes":[76,0,0,0],"name":"L","opacity":1,"passThruEnabled":false,"strokeColor":-1,"strokeWidth":0,"width":50}],"orientation":"FREE","properties":{"bgColor":1291845632,"cornerRadius":0,"displayInGame":true,"displayInMenu":true,"dynamicX":"1.0 * ${screen_width} - ${width}","dynamicY":"0.102511965 * ${screen_height}","height":50,"isDynamicBtn":false,"isHideable":true,"isSwipeable":false,"isToggle":false,"keycodes":[0,0,0,0],"name":"MORE","opacity":1,"passThruEnabled":false,"strokeColor":-1,"strokeWidth":0,"width":50}}],"mJoystickDataList":[],"scaledAt":100,"version":6}